"filename", "language", "Markdown", "Ignore", "JSON", "JSON with Comments", "TypeScript", "HTML", "SCSS", "YAML", "C#", "XML", "XAML", "Docker", "comment", "blank", "total"
"c:\Users\Ahmed\projects\CodeQuiz\.dockerignore", "Ignore", 0, 30, 0, 0, 0, 0, 0, 0, 0, 0, 0, 0, 0, 0, 30
"c:\Users\Ahmed\projects\CodeQuiz\.github\workflows\deploy_backend.yml", "YAML", 0, 0, 0, 0, 0, 0, 0, 63, 0, 0, 0, 0, 8, 16, 87
"c:\Users\Ahmed\projects\CodeQuiz\.github\workflows\deploy_website.yml", "YAML", 0, 0, 0, 0, 0, 0, 0, 53, 0, 0, 0, 0, 0, 12, 65
"c:\Users\Ahmed\projects\CodeQuiz\.github\workflows\test.yml", "YAML", 0, 0, 0, 0, 0, 0, 0, 82, 0, 0, 0, 0, 0, 22, 104
"c:\Users\Ahmed\projects\CodeQuiz\CodeQuizBackend.Tests\Authentication\Controllers\AuthenticationControllerTests.cs", "C#", 0, 0, 0, 0, 0, 0, 0, 0, 80, 0, 0, 0, 9, 15, 104
"c:\Users\Ahmed\projects\CodeQuiz\CodeQuizBackend.Tests\CodeQuizBackend.Tests.csproj", "XML", 0, 0, 0, 0, 0, 0, 0, 0, 0, 23, 0, 0, 0, 5, 28
"c:\Users\Ahmed\projects\CodeQuiz\CodeQuizBackend.Tests\Execution\Services\CodeRunnerFactoryTests.cs", "C#", 0, 0, 0, 0, 0, 0, 0, 0, 59, 0, 0, 0, 10, 17, 86
"c:\Users\Ahmed\projects\CodeQuiz\CodeQuizBackend.Tests\Execution\Services\EvaluatorTests.cs", "C#", 0, 0, 0, 0, 0, 0, 0, 0, 61, 0, 0, 0, 9, 18, 88
"c:\Users\Ahmed\projects\CodeQuiz\CodeQuizBackend.Tests\Services\AttemptsServiceTests.cs", "C#", 0, 0, 0, 0, 0, 0, 0, 0, 145, 0, 0, 0, 6, 17, 168
"c:\Users\Ahmed\projects\CodeQuiz\CodeQuizBackend.Tests\Services\JWTAuthenticationServiceTests.cs", "C#", 0, 0, 0, 0, 0, 0, 0, 0, 123, 0, 0, 0, 15, 27, 165
"c:\Users\Ahmed\projects\CodeQuiz\CodeQuizBackend.Tests\Services\QuizzesServiceTests.cs", "C#", 0, 0, 0, 0, 0, 0, 0, 0, 157, 0, 0, 0, 9, 21, 187
"c:\Users\Ahmed\projects\CodeQuiz\CodeQuizBackend.Tests\UnitTest1.cs", "C#", 0, 0, 0, 0, 0, 0, 0, 0, 8, 0, 0, 0, 0, 3, 11
"c:\Users\Ahmed\projects\CodeQuiz\CodeQuizBackend\Authentication\Controllers\AuthenticationController.cs", "C#", 0, 0, 0, 0, 0, 0, 0, 0, 81, 0, 0, 0, 0, 7, 88
"c:\Users\Ahmed\projects\CodeQuiz\CodeQuizBackend\Authentication\Controllers\UsersController.cs", "C#", 0, 0, 0, 0, 0, 0, 0, 0, 47, 0, 0, 0, 1, 6, 54
"c:\Users\Ahmed\projects\CodeQuiz\CodeQuizBackend\Authentication\Exceptions\AuthenticationException.cs", "C#", 0, 0, 0, 0, 0, 0, 0, 0, 9, 0, 0, 0, 0, 1, 10
"c:\Users\Ahmed\projects\CodeQuiz\CodeQuizBackend\Authentication\Exceptions\EmailAlreadyRegisteredException.cs", "C#", 0, 0, 0, 0, 0, 0, 0, 0, 9, 0, 0, 0, 0, 1, 10
"c:\Users\Ahmed\projects\CodeQuiz\CodeQuizBackend\Authentication\Exceptions\InvalidCredentialsException.cs", "C#", 0, 0, 0, 0, 0, 0, 0, 0, 9, 0, 0, 0, 0, 1, 10
"c:\Users\Ahmed\projects\CodeQuiz\CodeQuizBackend\Authentication\Exceptions\InvalidTokenException.cs", "C#", 0, 0, 0, 0, 0, 0, 0, 0, 9, 0, 0, 0, 0, 1, 10
"c:\Users\Ahmed\projects\CodeQuiz\CodeQuizBackend\Authentication\Exceptions\UsernameNotAvailableException.cs", "C#", 0, 0, 0, 0, 0, 0, 0, 0, 9, 0, 0, 0, 0, 1, 10
"c:\Users\Ahmed\projects\CodeQuiz\CodeQuizBackend\Authentication\Exceptions\WeakPasswordException.cs", "C#", 0, 0, 0, 0, 0, 0, 0, 0, 9, 0, 0, 0, 0, 1, 10
"c:\Users\Ahmed\projects\CodeQuiz\CodeQuizBackend\Authentication\Models\DTOs\UserDTO.cs", "C#", 0, 0, 0, 0, 0, 0, 0, 0, 13, 0, 0, 0, 0, 1, 14
"c:\Users\Ahmed\projects\CodeQuiz\CodeQuizBackend\Authentication\Models\ForgetPasswordModel.cs", "C#", 0, 0, 0, 0, 0, 0, 0, 0, 7, 0, 0, 0, 0, 1, 8
"c:\Users\Ahmed\projects\CodeQuiz\CodeQuizBackend\Authentication\Models\LoginModel.cs", "C#", 0, 0, 0, 0, 0, 0, 0, 0, 8, 0, 0, 0, 0, 1, 9
"c:\Users\Ahmed\projects\CodeQuiz\CodeQuizBackend\Authentication\Models\LoginResult.cs", "C#", 0, 0, 0, 0, 0, 0, 0, 0, 9, 0, 0, 0, 0, 2, 11
"c:\Users\Ahmed\projects\CodeQuiz\CodeQuizBackend\Authentication\Models\RefreshToken.cs", "C#", 0, 0, 0, 0, 0, 0, 0, 0, 13, 0, 0, 0, 0, 2, 15
"c:\Users\Ahmed\projects\CodeQuiz\CodeQuizBackend\Authentication\Models\RegisterModel.cs", "C#", 0, 0, 0, 0, 0, 0, 0, 0, 11, 0, 0, 0, 0, 1, 12
"c:\Users\Ahmed\projects\CodeQuiz\CodeQuizBackend\Authentication\Models\ResetPasswordModel.cs", "C#", 0, 0, 0, 0, 0, 0, 0, 0, 7, 0, 0, 0, 0, 1, 8
"c:\Users\Ahmed\projects\CodeQuiz\CodeQuizBackend\Authentication\Models\ResetPasswordTnModel.cs", "C#", 0, 0, 0, 0, 0, 0, 0, 0, 8, 0, 0, 0, 0, 1, 9
"c:\Users\Ahmed\projects\CodeQuiz\CodeQuizBackend\Authentication\Models\TokenModel.cs", "C#", 0, 0, 0, 0, 0, 0, 0, 0, 8, 0, 0, 0, 0, 1, 9
"c:\Users\Ahmed\projects\CodeQuiz\CodeQuizBackend\Authentication\Models\User.cs", "C#", 0, 0, 0, 0, 0, 0, 0, 0, 42, 0, 0, 0, 0, 5, 47
"c:\Users\Ahmed\projects\CodeQuiz\CodeQuizBackend\Authentication\Repositories\IUsersRepository.cs", "C#", 0, 0, 0, 0, 0, 0, 0, 0, 11, 0, 0, 0, 0, 2, 13
"c:\Users\Ahmed\projects\CodeQuiz\CodeQuizBackend\Authentication\Repositories\UsersRepository.cs", "C#", 0, 0, 0, 0, 0, 0, 0, 0, 69, 0, 0, 0, 0, 7, 76
"c:\Users\Ahmed\projects\CodeQuiz\CodeQuizBackend\Authentication\Services\IAuthenticationService.cs", "C#", 0, 0, 0, 0, 0, 0, 0, 0, 14, 0, 0, 0, 0, 2, 16
"c:\Users\Ahmed\projects\CodeQuiz\CodeQuizBackend\Authentication\Services\ITokenService.cs", "C#", 0, 0, 0, 0, 0, 0, 0, 0, 11, 0, 0, 0, 0, 2, 13
"c:\Users\Ahmed\projects\CodeQuiz\CodeQuizBackend\Authentication\Services\JWTAuthenticationService.cs", "C#", 0, 0, 0, 0, 0, 0, 0, 0, 149, 0, 0, 0, 7, 29, 185
"c:\Users\Ahmed\projects\CodeQuiz\CodeQuizBackend\Authentication\Services\TokenService.cs", "C#", 0, 0, 0, 0, 0, 0, 0, 0, 59, 0, 0, 0, 0, 9, 68
"c:\Users\Ahmed\projects\CodeQuiz\CodeQuizBackend\CodeQuizBackend.csproj", "XML", 0, 0, 0, 0, 0, 0, 0, 0, 0, 24, 0, 0, 0, 4, 28
"c:\Users\Ahmed\projects\CodeQuiz\CodeQuizBackend\Core\Data\ApplicationDbContext.cs", "C#", 0, 0, 0, 0, 0, 0, 0, 0, 40, 0, 0, 0, 2, 6, 48
"c:\Users\Ahmed\projects\CodeQuiz\CodeQuizBackend\Core\Data\Models\ApiResponse.cs", "C#", 0, 0, 0, 0, 0, 0, 0, 0, 9, 0, 0, 0, 0, 1, 10
"c:\Users\Ahmed\projects\CodeQuiz\CodeQuizBackend\Core\Exceptions\BadRequestException.cs", "C#", 0, 0, 0, 0, 0, 0, 0, 0, 6, 0, 0, 0, 0, 1, 7
"c:\Users\Ahmed\projects\CodeQuiz\CodeQuizBackend\Core\Exceptions\ForbiddenException.cs", "C#", 0, 0, 0, 0, 0, 0, 0, 0, 6, 0, 0, 0, 0, 1, 7
"c:\Users\Ahmed\projects\CodeQuiz\CodeQuizBackend\Core\Exceptions\ResourceNotFoundException.cs", "C#", 0, 0, 0, 0, 0, 0, 0, 0, 6, 0, 0, 0, 0, 1, 7
"c:\Users\Ahmed\projects\CodeQuiz\CodeQuizBackend\Core\Exceptions\ServiceUnavailableException.cs", "C#", 0, 0, 0, 0, 0, 0, 0, 0, 6, 0, 0, 0, 0, 1, 7
"c:\Users\Ahmed\projects\CodeQuiz\CodeQuizBackend\Core\Exceptions\UnauthorizedException.cs", "C#", 0, 0, 0, 0, 0, 0, 0, 0, 6, 0, 0, 0, 0, 1, 7
"c:\Users\Ahmed\projects\CodeQuiz\CodeQuizBackend\Core\Logging\AppLogger.cs", "C#", 0, 0, 0, 0, 0, 0, 0, 0, 19, 0, 0, 0, 0, 4, 23
"c:\Users\Ahmed\projects\CodeQuiz\CodeQuizBackend\Core\Logging\IAppLogger.cs", "C#", 0, 0, 0, 0, 0, 0, 0, 0, 10, 0, 0, 0, 0, 2, 12
"c:\Users\Ahmed\projects\CodeQuiz\CodeQuizBackend\Core\Middlewares\ExceptionHandlingMiddleware.cs", "C#", 0, 0, 0, 0, 0, 0, 0, 0, 90, 0, 0, 0, 0, 3, 93
"c:\Users\Ahmed\projects\CodeQuiz\CodeQuizBackend\Core\Services\Ai\GroqModels.cs", "C#", 0, 0, 0, 0, 0, 0, 0, 0, 36, 0, 0, 0, 15, 5, 56
"c:\Users\Ahmed\projects\CodeQuiz\CodeQuizBackend\Core\Services\Ai\GroqService.cs", "C#", 0, 0, 0, 0, 0, 0, 0, 0, 92, 0, 0, 0, 13, 19, 124
"c:\Users\Ahmed\projects\CodeQuiz\CodeQuizBackend\Core\Services\Ai\GroqSettings.cs", "C#", 0, 0, 0, 0, 0, 0, 0, 0, 11, 0, 0, 0, 19, 5, 35
"c:\Users\Ahmed\projects\CodeQuiz\CodeQuizBackend\Core\Services\Ai\IGroqService.cs", "C#", 0, 0, 0, 0, 0, 0, 0, 0, 8, 0, 0, 0, 16, 2, 26
"c:\Users\Ahmed\projects\CodeQuiz\CodeQuizBackend\Core\Services\IMailService.cs", "C#", 0, 0, 0, 0, 0, 0, 0, 0, 39, 0, 0, 0, 48, 8, 95
"c:\Users\Ahmed\projects\CodeQuiz\CodeQuizBackend\Core\Services\SmtpMailService.cs", "C#", 0, 0, 0, 0, 0, 0, 0, 0, 334, 0, 0, 0, 2, 34, 370
"c:\Users\Ahmed\projects\CodeQuiz\CodeQuizBackend\Core\Utils\SecureCodeGenerator.cs", "C#", 0, 0, 0, 0, 0, 0, 0, 0, 15, 0, 0, 0, 0, 3, 18
"c:\Users\Ahmed\projects\CodeQuiz\CodeQuizBackend\Dockerfile", "Docker", 0, 0, 0, 0, 0, 0, 0, 0, 0, 0, 0, 9, 0, 2, 11
"c:\Users\Ahmed\projects\CodeQuiz\CodeQuizBackend\Execution\Controllers\ExecutionController.cs", "C#", 0, 0, 0, 0, 0, 0, 0, 0, 30, 0, 0, 0, 0, 3, 33
"c:\Users\Ahmed\projects\CodeQuiz\CodeQuizBackend\Execution\Exceptions\CodeRunnerException.cs", "C#", 0, 0, 0, 0, 0, 0, 0, 0, 6, 0, 0, 0, 0, 1, 7
"c:\Users\Ahmed\projects\CodeQuiz\CodeQuizBackend\Execution\Exceptions\UnsupportedLanguageException.cs", "C#", 0, 0, 0, 0, 0, 0, 0, 0, 6, 0, 0, 0, 0, 1, 7
"c:\Users\Ahmed\projects\CodeQuiz\CodeQuizBackend\Execution\Models\CodeRunnerOptions.cs", "C#", 0, 0, 0, 0, 0, 0, 0, 0, 9, 0, 0, 0, 0, 1, 10
"c:\Users\Ahmed\projects\CodeQuiz\CodeQuizBackend\Execution\Models\CodeRunnerResult.cs", "C#", 0, 0, 0, 0, 0, 0, 0, 0, 9, 0, 0, 0, 0, 1, 10
"c:\Users\Ahmed\projects\CodeQuiz\CodeQuizBackend\Execution\Models\EvaluationResult.cs", "C#", 0, 0, 0, 0, 0, 0, 0, 0, 9, 0, 0, 0, 0, 1, 10
"c:\Users\Ahmed\projects\CodeQuiz\CodeQuizBackend\Execution\Models\RunCodeRequest.cs", "C#", 0, 0, 0, 0, 0, 0, 0, 0, 11, 0, 0, 0, 0, 1, 12
"c:\Users\Ahmed\projects\CodeQuiz\CodeQuizBackend\Execution\Models\SandboxConfiguration.cs", "C#", 0, 0, 0, 0, 0, 0, 0, 0, 20, 0, 0, 0, 0, 4, 24
"c:\Users\Ahmed\projects\CodeQuiz\CodeQuizBackend\Execution\Models\SupportedLanguage.cs", "C#", 0, 0, 0, 0, 0, 0, 0, 0, 8, 0, 0, 0, 0, 1, 9
"c:\Users\Ahmed\projects\CodeQuiz\CodeQuizBackend\Execution\Models\TestCase.cs", "C#", 0, 0, 0, 0, 0, 0, 0, 0, 9, 0, 0, 0, 0, 1, 10
"c:\Users\Ahmed\projects\CodeQuiz\CodeQuizBackend\Execution\Services\CSharpCodeRunner.cs", "C#", 0, 0, 0, 0, 0, 0, 0, 0, 71, 0, 0, 0, 0, 13, 84
"c:\Users\Ahmed\projects\CodeQuiz\CodeQuizBackend\Execution\Services\CodeRunnerDecorator.cs", "C#", 0, 0, 0, 0, 0, 0, 0, 0, 14, 0, 0, 0, 0, 3, 17
"c:\Users\Ahmed\projects\CodeQuiz\CodeQuizBackend\Execution\Services\CodeRunnerFactory.cs", "C#", 0, 0, 0, 0, 0, 0, 0, 0, 21, 0, 0, 0, 0, 4, 25
"c:\Users\Ahmed\projects\CodeQuiz\CodeQuizBackend\Execution\Services\DockerSandbox.cs", "C#", 0, 0, 0, 0, 0, 0, 0, 0, 100, 0, 0, 0, 17, 17, 134
"c:\Users\Ahmed\projects\CodeQuiz\CodeQuizBackend\Execution\Services\Evaluator.cs", "C#", 0, 0, 0, 0, 0, 0, 0, 0, 23, 0, 0, 0, 0, 3, 26
"c:\Users\Ahmed\projects\CodeQuiz\CodeQuizBackend\Execution\Services\ICodeRunner.cs", "C#", 0, 0, 0, 0, 0, 0, 0, 0, 10, 0, 0, 0, 0, 2, 12
"c:\Users\Ahmed\projects\CodeQuiz\CodeQuizBackend\Execution\Services\ICodeRunnerFactory.cs", "C#", 0, 0, 0, 0, 0, 0, 0, 0, 10, 0, 0, 0, 0, 3, 13
"c:\Users\Ahmed\projects\CodeQuiz\CodeQuizBackend\Execution\Services\IDockerSandbox.cs", "C#", 0, 0, 0, 0, 0, 0, 0, 0, 26, 0, 0, 0, 0, 3, 29
"c:\Users\Ahmed\projects\CodeQuiz\CodeQuizBackend\Execution\Services\IEvaluator.cs", "C#", 0, 0, 0, 0, 0, 0, 0, 0, 8, 0, 0, 0, 0, 2, 10
"c:\Users\Ahmed\projects\CodeQuiz\CodeQuizBackend\Execution\Services\PythonCodeRunner.cs", "C#", 0, 0, 0, 0, 0, 0, 0, 0, 70, 0, 0, 0, 0, 11, 81
"c:\Users\Ahmed\projects\CodeQuiz\CodeQuizBackend\Execution\Services\SandboxedCodeRunner.cs", "C#", 0, 0, 0, 0, 0, 0, 0, 0, 61, 0, 0, 0, 3, 7, 71
"c:\Users\Ahmed\projects\CodeQuiz\CodeQuizBackend\Migrations\20251106132845_InitialCreate.Designer.cs", "C#", 0, 0, 0, 0, 0, 0, 0, 0, 235, 0, 0, 0, 2, 82, 319
"c:\Users\Ahmed\projects\CodeQuiz\CodeQuizBackend\Migrations\20251106132845_InitialCreate.cs", "C#", 0, 0, 0, 0, 0, 0, 0, 0, 263, 0, 0, 0, 3, 26, 292
"c:\Users\Ahmed\projects\CodeQuiz\CodeQuizBackend\Migrations\20251116144141_Quizzes_Questions_Solutions_Attempts.Designer.cs", "C#", 0, 0, 0, 0, 0, 0, 0, 0, 478, 0, 0, 0, 2, 183, 663
"c:\Users\Ahmed\projects\CodeQuiz\CodeQuizBackend\Migrations\20251116144141_Quizzes_Questions_Solutions_Attempts.cs", "C#", 0, 0, 0, 0, 0, 0, 0, 0, 222, 0, 0, 0, 3, 20, 245
"c:\Users\Ahmed\projects\CodeQuiz\CodeQuizBackend\Migrations\20251117221816_QuizMultipleAttempts.Designer.cs", "C#", 0, 0, 0, 0, 0, 0, 0, 0, 480, 0, 0, 0, 2, 184, 666
"c:\Users\Ahmed\projects\CodeQuiz\CodeQuizBackend\Migrations\20251117221816_QuizMultipleAttempts.cs", "C#", 0, 0, 0, 0, 0, 0, 0, 0, 23, 0, 0, 0, 3, 4, 30
"c:\Users\Ahmed\projects\CodeQuiz\CodeQuizBackend\Migrations\20251121112040_QuizQuestionPoints.Designer.cs", "C#", 0, 0, 0, 0, 0, 0, 0, 0, 484, 0, 0, 0, 2, 186, 672
"c:\Users\Ahmed\projects\CodeQuiz\CodeQuizBackend\Migrations\20251121112040_QuizQuestionPoints.cs", "C#", 0, 0, 0, 0, 0, 0, 0, 0, 32, 0, 0, 0, 3, 6, 41
"c:\Users\Ahmed\projects\CodeQuiz\CodeQuizBackend\Migrations\20251209112410_AttemptEvaluation.Designer.cs", "C#", 0, 0, 0, 0, 0, 0, 0, 0, 486, 0, 0, 0, 2, 187, 675
"c:\Users\Ahmed\projects\CodeQuiz\CodeQuizBackend\Migrations\20251209112410_AttemptEvaluation.cs", "C#", 0, 0, 0, 0, 0, 0, 0, 0, 39, 0, 0, 0, 3, 8, 50
"c:\Users\Ahmed\projects\CodeQuiz\CodeQuizBackend\Migrations\20251219002700_RTotalPointsQuiz_AddIntellisenseSignatureHelpConfig.Designer.cs", "C#", 0, 0, 0, 0, 0, 0, 0, 0, 492, 0, 0, 0, 2, 190, 684
"c:\Users\Ahmed\projects\CodeQuiz\CodeQuizBackend\Migrations\20251219002700_RTotalPointsQuiz_AddIntellisenseSignatureHelpConfig.cs", "C#", 0, 0, 0, 0, 0, 0, 0, 0, 57, 0, 0, 0, 3, 12, 72
"c:\Users\Ahmed\projects\CodeQuiz\CodeQuizBackend\Migrations\20260122110208_AiIntegration.Designer.cs", "C#", 0, 0, 0, 0, 0, 0, 0, 0, 535, 0, 0, 0, 2, 206, 743
"c:\Users\Ahmed\projects\CodeQuiz\CodeQuizBackend\Migrations\20260122110208_AiIntegration.cs", "C#", 0, 0, 0, 0, 0, 0, 0, 0, 60, 0, 0, 0, 3, 7, 70
"c:\Users\Ahmed\projects\CodeQuiz\CodeQuizBackend\Migrations\20260122124006_AddSuggestedGradeToAiAssessment.Designer.cs", "C#", 0, 0, 0, 0, 0, 0, 0, 0, 537, 0, 0, 0, 2, 207, 746
"c:\Users\Ahmed\projects\CodeQuiz\CodeQuizBackend\Migrations\20260122124006_AddSuggestedGradeToAiAssessment.cs", "C#", 0, 0, 0, 0, 0, 0, 0, 0, 22, 0, 0, 0, 3, 4, 29
"c:\Users\Ahmed\projects\CodeQuiz\CodeQuizBackend\Migrations\20260122171805_QuizEndSummaryEmailSent.Designer.cs", "C#", 0, 0, 0, 0, 0, 0, 0, 0, 539, 0, 0, 0, 2, 208, 749
"c:\Users\Ahmed\projects\CodeQuiz\CodeQuizBackend\Migrations\20260122171805_QuizEndSummaryEmailSent.cs", "C#", 0, 0, 0, 0, 0, 0, 0, 0, 23, 0, 0, 0, 3, 4, 30
"c:\Users\Ahmed\projects\CodeQuiz\CodeQuizBackend\Migrations\20260122190025_AttemptExaminerFeedback.Designer.cs", "C#", 0, 0, 0, 0, 0, 0, 0, 0, 541, 0, 0, 0, 2, 209, 752
"c:\Users\Ahmed\projects\CodeQuiz\CodeQuizBackend\Migrations\20260122190025_AttemptExaminerFeedback.cs", "C#", 0, 0, 0, 0, 0, 0, 0, 0, 23, 0, 0, 0, 3, 4, 30
"c:\Users\Ahmed\projects\CodeQuiz\CodeQuizBackend\Migrations\ApplicationDbContextModelSnapshot.cs", "C#", 0, 0, 0, 0, 0, 0, 0, 0, 539, 0, 0, 0, 1, 209, 749
"c:\Users\Ahmed\projects\CodeQuiz\CodeQuizBackend\Program.cs", "C#", 0, 0, 0, 0, 0, 0, 0, 0, 210, 0, 0, 0, 17, 35, 262
"c:\Users\Ahmed\projects\CodeQuiz\CodeQuizBackend\Properties\launchSettings.json", "JSON", 0, 0, 52, 0, 0, 0, 0, 0, 0, 0, 0, 0, 0, 0, 52
"c:\Users\Ahmed\projects\CodeQuiz\CodeQuizBackend\Quiz\Controllers\AiController.cs", "C#", 0, 0, 0, 0, 0, 0, 0, 0, 47, 0, 0, 0, 21, 10, 78
"c:\Users\Ahmed\projects\CodeQuiz\CodeQuizBackend\Quiz\Controllers\AttemptsController.cs", "C#", 0, 0, 0, 0, 0, 0, 0, 0, 124, 0, 0, 0, 25, 13, 162
"c:\Users\Ahmed\projects\CodeQuiz\CodeQuizBackend\Quiz\Controllers\QuizzesController.cs", "C#", 0, 0, 0, 0, 0, 0, 0, 0, 108, 0, 0, 0, 18, 12, 138
"c:\Users\Ahmed\projects\CodeQuiz\CodeQuizBackend\Quiz\Exceptions\AttemptNotSubmittedException.cs", "C#", 0, 0, 0, 0, 0, 0, 0, 0, 6, 0, 0, 0, 0, 1, 7
"c:\Users\Ahmed\projects\CodeQuiz\CodeQuizBackend\Quiz\Exceptions\DeadlineExceededException.cs", "C#", 0, 0, 0, 0, 0, 0, 0, 0, 6, 0, 0, 0, 4, 1, 11
"c:\Users\Ahmed\projects\CodeQuiz\CodeQuizBackend\Quiz\Exceptions\MultipleAttemptsNotAllowedException.cs", "C#", 0, 0, 0, 0, 0, 0, 0, 0, 6, 0, 0, 0, 0, 1, 7
"c:\Users\Ahmed\projects\CodeQuiz\CodeQuizBackend\Quiz\Exceptions\QuizNotActiveException.cs", "C#", 0, 0, 0, 0, 0, 0, 0, 0, 6, 0, 0, 0, 0, 1, 7
"c:\Users\Ahmed\projects\CodeQuiz\CodeQuizBackend\Quiz\Hubs\AttemptsHub.cs", "C#", 0, 0, 0, 0, 0, 0, 0, 0, 32, 0, 0, 0, 18, 7, 57
"c:\Users\Ahmed\projects\CodeQuiz\CodeQuizBackend\Quiz\Hubs\QuizzesHub.cs", "C#", 0, 0, 0, 0, 0, 0, 0, 0, 23, 0, 0, 0, 12, 5, 40
"c:\Users\Ahmed\projects\CodeQuiz\CodeQuizBackend\Quiz\Models\AiAssessment.cs", "C#", 0, 0, 0, 0, 0, 0, 0, 0, 16, 0, 0, 0, 34, 10, 60
"c:\Users\Ahmed\projects\CodeQuiz\CodeQuizBackend\Quiz\Models\Attempt.cs", "C#", 0, 0, 0, 0, 0, 0, 0, 0, 43, 0, 0, 0, 0, 5, 48
"c:\Users\Ahmed\projects\CodeQuiz\CodeQuizBackend\Quiz\Models\DTOs\AiAssessmentDTO.cs", "C#", 0, 0, 0, 0, 0, 0, 0, 0, 15, 0, 0, 0, 6, 2, 23
"c:\Users\Ahmed\projects\CodeQuiz\CodeQuizBackend\Quiz\Models\DTOs\BatchUpdateSolutionGradesRequest.cs", "C#", 0, 0, 0, 0, 0, 0, 0, 0, 19, 0, 0, 0, 37, 10, 66
"c:\Users\Ahmed\projects\CodeQuiz\CodeQuizBackend\Quiz\Models\DTOs\ExamineeAttempt.cs", "C#", 0, 0, 0, 0, 0, 0, 0, 0, 48, 0, 0, 0, 0, 2, 50
"c:\Users\Ahmed\projects\CodeQuiz\CodeQuizBackend\Quiz\Models\DTOs\ExamineeQuiz.cs", "C#", 0, 0, 0, 0, 0, 0, 0, 0, 22, 0, 0, 0, 0, 2, 24
"c:\Users\Ahmed\projects\CodeQuiz\CodeQuizBackend\Quiz\Models\DTOs\ExaminerAttempt.cs", "C#", 0, 0, 0, 0, 0, 0, 0, 0, 50, 0, 0, 0, 0, 3, 53
"c:\Users\Ahmed\projects\CodeQuiz\CodeQuizBackend\Quiz\Models\DTOs\ExaminerQuiz.cs", "C#", 0, 0, 0, 0, 0, 0, 0, 0, 22, 0, 0, 0, 0, 1, 23
"c:\Users\Ahmed\projects\CodeQuiz\CodeQuizBackend\Quiz\Models\DTOs\NewQuestionModel.cs", "C#", 0, 0, 0, 0, 0, 0, 0, 0, 33, 0, 0, 0, 0, 3, 36
"c:\Users\Ahmed\projects\CodeQuiz\CodeQuizBackend\Quiz\Models\DTOs\NewQuizModel.cs", "C#", 0, 0, 0, 0, 0, 0, 0, 0, 45, 0, 0, 0, 0, 5, 50
"c:\Users\Ahmed\projects\CodeQuiz\CodeQuizBackend\Quiz\Models\DTOs\QuestionDTO.cs", "C#", 0, 0, 0, 0, 0, 0, 0, 0, 15, 0, 0, 0, 0, 2, 17
"c:\Users\Ahmed\projects\CodeQuiz\CodeQuizBackend\Quiz\Models\DTOs\SolutionDTO.cs", "C#", 0, 0, 0, 0, 0, 0, 0, 0, 16, 0, 0, 0, 7, 5, 28
"c:\Users\Ahmed\projects\CodeQuiz\CodeQuizBackend\Quiz\Models\DTOs\UpdateSolutionGradeRequest.cs", "C#", 0, 0, 0, 0, 0, 0, 0, 0, 10, 0, 0, 0, 16, 4, 30
"c:\Users\Ahmed\projects\CodeQuiz\CodeQuizBackend\Quiz\Models\Question.cs", "C#", 0, 0, 0, 0, 0, 0, 0, 0, 31, 0, 0, 0, 0, 4, 35
"c:\Users\Ahmed\projects\CodeQuiz\CodeQuizBackend\Quiz\Models\QuestionConfiguration.cs", "C#", 0, 0, 0, 0, 0, 0, 0, 0, 12, 0, 0, 0, 0, 1, 13
"c:\Users\Ahmed\projects\CodeQuiz\CodeQuizBackend\Quiz\Models\Quiz.cs", "C#", 0, 0, 0, 0, 0, 0, 0, 0, 60, 0, 0, 0, 8, 7, 75
"c:\Users\Ahmed\projects\CodeQuiz\CodeQuizBackend\Quiz\Models\Solution.cs", "C#", 0, 0, 0, 0, 0, 0, 0, 0, 45, 0, 0, 0, 6, 7, 58
"c:\Users\Ahmed\projects\CodeQuiz\CodeQuizBackend\Quiz\Repositories\IQuizzesRepository.cs", "C#", 0, 0, 0, 0, 0, 0, 0, 0, 12, 0, 0, 0, 0, 1, 13
"c:\Users\Ahmed\projects\CodeQuiz\CodeQuizBackend\Quiz\Repositories\QuizzesRepository.cs", "C#", 0, 0, 0, 0, 0, 0, 0, 0, 74, 0, 0, 0, 1, 11, 86
"c:\Users\Ahmed\projects\CodeQuiz\CodeQuizBackend\Quiz\Services\AiAssessmentService.cs", "C#", 0, 0, 0, 0, 0, 0, 0, 0, 190, 0, 0, 0, 10, 24, 224
"c:\Users\Ahmed\projects\CodeQuiz\CodeQuizBackend\Quiz\Services\AiTestCaseGeneratorService.cs", "C#", 0, 0, 0, 0, 0, 0, 0, 0, 152, 0, 0, 0, 8, 23, 183
"c:\Users\Ahmed\projects\CodeQuiz\CodeQuizBackend\Quiz\Services\AttemptTimerService.cs", "C#", 0, 0, 0, 0, 0, 0, 0, 0, 88, 0, 0, 0, 15, 20, 123
"c:\Users\Ahmed\projects\CodeQuiz\CodeQuizBackend\Quiz\Services\AttemptsService.cs", "C#", 0, 0, 0, 0, 0, 0, 0, 0, 428, 0, 0, 0, 67, 87, 582
"c:\Users\Ahmed\projects\CodeQuiz\CodeQuizBackend\Quiz\Services\EvaluationBackgroundService.cs", "C#", 0, 0, 0, 0, 0, 0, 0, 0, 307, 0, 0, 0, 25, 54, 386
"c:\Users\Ahmed\projects\CodeQuiz\CodeQuizBackend\Quiz\Services\EvaluationJob.cs", "C#", 0, 0, 0, 0, 0, 0, 0, 0, 22, 0, 0, 0, 9, 5, 36
"c:\Users\Ahmed\projects\CodeQuiz\CodeQuizBackend\Quiz\Services\EvaluationQueue.cs", "C#", 0, 0, 0, 0, 0, 0, 0, 0, 34, 0, 0, 0, 16, 9, 59
"c:\Users\Ahmed\projects\CodeQuiz\CodeQuizBackend\Quiz\Services\IAiAssessmentService.cs", "C#", 0, 0, 0, 0, 0, 0, 0, 0, 12, 0, 0, 0, 12, 2, 26
"c:\Users\Ahmed\projects\CodeQuiz\CodeQuizBackend\Quiz\Services\IAiTestCaseGeneratorService.cs", "C#", 0, 0, 0, 0, 0, 0, 0, 0, 22, 0, 0, 0, 28, 6, 56
"c:\Users\Ahmed\projects\CodeQuiz\CodeQuizBackend\Quiz\Services\IAttemptsService.cs", "C#", 0, 0, 0, 0, 0, 0, 0, 0, 16, 0, 0, 0, 15, 3, 34
"c:\Users\Ahmed\projects\CodeQuiz\CodeQuizBackend\Quiz\Services\IQuizCodeGenerator.cs", "C#", 0, 0, 0, 0, 0, 0, 0, 0, 8, 0, 0, 0, 0, 2, 10
"c:\Users\Ahmed\projects\CodeQuiz\CodeQuizBackend\Quiz\Services\IQuizzesService.cs", "C#", 0, 0, 0, 0, 0, 0, 0, 0, 13, 0, 0, 0, 0, 2, 15
"c:\Users\Ahmed\projects\CodeQuiz\CodeQuizBackend\Quiz\Services\QuizCodeGenerator.cs", "C#", 0, 0, 0, 0, 0, 0, 0, 0, 37, 0, 0, 0, 0, 5, 42
"c:\Users\Ahmed\projects\CodeQuiz\CodeQuizBackend\Quiz\Services\QuizEndMonitorService.cs", "C#", 0, 0, 0, 0, 0, 0, 0, 0, 108, 0, 0, 0, 16, 21, 145
"c:\Users\Ahmed\projects\CodeQuiz\CodeQuizBackend\Quiz\Services\QuizzesService.cs", "C#", 0, 0, 0, 0, 0, 0, 0, 0, 118, 0, 0, 0, 4, 19, 141
"c:\Users\Ahmed\projects\CodeQuiz\CodeQuizBackend\appsettings.Development.json", "JSON", 0, 0, 8, 0, 0, 0, 0, 0, 0, 0, 0, 0, 0, 1, 9
"c:\Users\Ahmed\projects\CodeQuiz\CodeQuizBackend\appsettings.json", "JSON", 0, 0, 9, 0, 0, 0, 0, 0, 0, 0, 0, 0, 0, 1, 10
"c:\Users\Ahmed\projects\CodeQuiz\CodeQuizDesktop.Tests\CodeQuizDesktop.Tests.csproj", "XML", 0, 0, 0, 0, 0, 0, 0, 0, 0, 26, 0, 0, 0, 6, 32
"c:\Users\Ahmed\projects\CodeQuiz\CodeQuizDesktop.Tests\UnitTest1.cs", "C#", 0, 0, 0, 0, 0, 0, 0, 0, 8, 0, 0, 0, 0, 3, 11
"c:\Users\Ahmed\projects\CodeQuiz\CodeQuizDesktop.Tests\Viewmodels\CreateQuizVMTests.cs", "C#", 0, 0, 0, 0, 0, 0, 0, 0, 205, 0, 0, 0, 29, 41, 275
"c:\Users\Ahmed\projects\CodeQuiz\CodeQuizDesktop.Tests\Viewmodels\CreatedQuizzesVMTests.cs", "C#", 0, 0, 0, 0, 0, 0, 0, 0, 101, 0, 0, 0, 17, 21, 139
"c:\Users\Ahmed\projects\CodeQuiz\CodeQuizDesktop.Tests\Viewmodels\DashboardVMTests.cs", "C#", 0, 0, 0, 0, 0, 0, 0, 0, 217, 0, 0, 0, 16, 23, 256
"c:\Users\Ahmed\projects\CodeQuiz\CodeQuizDesktop.Tests\Viewmodels\ExamineeReviewQuizVMTests.cs", "C#", 0, 0, 0, 0, 0, 0, 0, 0, 156, 0, 0, 0, 12, 18, 186
"c:\Users\Ahmed\projects\CodeQuiz\CodeQuizDesktop.Tests\Viewmodels\ExaminerViewQuizVMTests.cs", "C#", 0, 0, 0, 0, 0, 0, 0, 0, 103, 0, 0, 0, 9, 14, 126
"c:\Users\Ahmed\projects\CodeQuiz\CodeQuizDesktop.Tests\Viewmodels\GradeAttemptVMTests.cs", "C#", 0, 0, 0, 0, 0, 0, 0, 0, 194, 0, 0, 0, 19, 25, 238
"c:\Users\Ahmed\projects\CodeQuiz\CodeQuizDesktop.Tests\Viewmodels\JoinQuizVMTests.cs", "C#", 0, 0, 0, 0, 0, 0, 0, 0, 31, 0, 0, 0, 2, 5, 38
"c:\Users\Ahmed\projects\CodeQuiz\CodeQuizDesktop.Tests\Viewmodels\JoinedQuizzesVMTests.cs", "C#", 0, 0, 0, 0, 0, 0, 0, 0, 97, 0, 0, 0, 15, 19, 131
"c:\Users\Ahmed\projects\CodeQuiz\CodeQuizDesktop.Tests\Viewmodels\LoginVMTests.cs", "C#", 0, 0, 0, 0, 0, 0, 0, 0, 70, 0, 0, 0, 8, 14, 92
"c:\Users\Ahmed\projects\CodeQuiz\CodeQuizDesktop.Tests\Viewmodels\RegisterVMTests.cs", "C#", 0, 0, 0, 0, 0, 0, 0, 0, 68, 0, 0, 0, 8, 12, 88
"c:\Users\Ahmed\projects\CodeQuiz\CodeQuizDesktop.Tests\Viewmodels\StartupViewModelTests.cs", "C#", 0, 0, 0, 0, 0, 0, 0, 0, 48, 0, 0, 0, 9, 12, 69
"c:\Users\Ahmed\projects\CodeQuiz\CodeQuizDesktop\APIs\AuthHeaderHandler.cs", "C#", 0, 0, 0, 0, 0, 0, 0, 0, 21, 0, 0, 0, 0, 3, 24
"c:\Users\Ahmed\projects\CodeQuiz\CodeQuizDesktop\APIs\IAiAPI.cs", "C#", 0, 0, 0, 0, 0, 0, 0, 0, 10, 0, 0, 0, 0, 2, 12
"c:\Users\Ahmed\projects\CodeQuiz\CodeQuizDesktop\APIs\IAttemptsAPI.cs", "C#", 0, 0, 0, 0, 0, 0, 0, 0, 29, 0, 0, 0, 15, 9, 53
"c:\Users\Ahmed\projects\CodeQuiz\CodeQuizDesktop\APIs\IAuthAPI.cs", "C#", 0, 0, 0, 0, 0, 0, 0, 0, 24, 0, 0, 0, 0, 6, 30
"c:\Users\Ahmed\projects\CodeQuiz\CodeQuizDesktop\APIs\IExecutionAPI.cs", "C#", 0, 0, 0, 0, 0, 0, 0, 0, 17, 0, 0, 0, 0, 3, 20
"c:\Users\Ahmed\projects\CodeQuiz\CodeQuizDesktop\APIs\IQuizzesAPI.cs", "C#", 0, 0, 0, 0, 0, 0, 0, 0, 27, 0, 0, 0, 0, 8, 35
"c:\Users\Ahmed\projects\CodeQuiz\CodeQuizDesktop\APIs\IUsersAPI.cs", "C#", 0, 0, 0, 0, 0, 0, 0, 0, 21, 0, 0, 0, 0, 5, 26
"c:\Users\Ahmed\projects\CodeQuiz\CodeQuizDesktop\APIs\LoggingHandler.cs", "C#", 0, 0, 0, 0, 0, 0, 0, 0, 21, 0, 0, 0, 0, 7, 28
"c:\Users\Ahmed\projects\CodeQuiz\CodeQuizDesktop\App.xaml", "XAML", 0, 0, 0, 0, 0, 0, 0, 0, 0, 0, 14, 0, 0, 1, 15
"c:\Users\Ahmed\projects\CodeQuiz\CodeQuizDesktop\App.xaml.cs", "C#", 0, 0, 0, 0, 0, 0, 0, 0, 20, 0, 0, 0, 0, 6, 26
"c:\Users\Ahmed\projects\CodeQuiz\CodeQuizDesktop\AppShell.xaml", "XAML", 0, 0, 0, 0, 0, 0, 0, 0, 0, 0, 43, 0, 0, 12, 55
"c:\Users\Ahmed\projects\CodeQuiz\CodeQuizDesktop\AppShell.xaml.cs", "C#", 0, 0, 0, 0, 0, 0, 0, 0, 17, 0, 0, 0, 0, 4, 21
"c:\Users\Ahmed\projects\CodeQuiz\CodeQuizDesktop\CodeQuizDesktop.csproj", "XML", 0, 0, 0, 0, 0, 0, 0, 0, 0, 107, 0, 0, 17, 19, 143
"c:\Users\Ahmed\projects\CodeQuiz\CodeQuizDesktop\Controls\CodeEditor.xaml", "XAML", 0, 0, 0, 0, 0, 0, 0, 0, 0, 0, 93, 0, 9, 7, 109
"c:\Users\Ahmed\projects\CodeQuiz\CodeQuizDesktop\Controls\CodeEditor.xaml.cs", "C#", 0, 0, 0, 0, 0, 0, 0, 0, 468, 0, 0, 0, 104, 85, 657
"c:\Users\Ahmed\projects\CodeQuiz\CodeQuizDesktop\Controls\NavItem.xaml", "XAML", 0, 0, 0, 0, 0, 0, 0, 0, 0, 0, 44, 0, 0, 4, 48
"c:\Users\Ahmed\projects\CodeQuiz\CodeQuizDesktop\Controls\NavItem.xaml.cs", "C#", 0, 0, 0, 0, 0, 0, 0, 0, 100, 0, 0, 0, 1, 23, 124
"c:\Users\Ahmed\projects\CodeQuiz\CodeQuizDesktop\Converters\AiConfidenceToColorConverter.cs", "C#", 0, 0, 0, 0, 0, 0, 0, 0, 23, 0, 0, 0, 6, 3, 32
"c:\Users\Ahmed\projects\CodeQuiz\CodeQuizDesktop\Converters\AiValidityToColorConverter.cs", "C#", 0, 0, 0, 0, 0, 0, 0, 0, 19, 0, 0, 0, 3, 3, 25
"c:\Users\Ahmed\projects\CodeQuiz\CodeQuizDesktop\Converters\BoolToPassFailConverter.cs", "C#", 0, 0, 0, 0, 0, 0, 0, 0, 19, 0, 0, 0, 4, 3, 26
"c:\Users\Ahmed\projects\CodeQuiz\CodeQuizDesktop\Converters\GreaterThanZeroConverter.cs", "C#", 0, 0, 0, 0, 0, 0, 0, 0, 23, 0, 0, 0, 3, 4, 30
"c:\Users\Ahmed\projects\CodeQuiz\CodeQuizDesktop\Converters\InverseBoolConverter.cs", "C#", 0, 0, 0, 0, 0, 0, 0, 0, 23, 0, 0, 0, 3, 3, 29
"c:\Users\Ahmed\projects\CodeQuiz\CodeQuizDesktop\Converters\IsSelectedQuestionConverter.cs", "C#", 0, 0, 0, 0, 0, 0, 0, 0, 62, 0, 0, 0, 18, 13, 93
"c:\Users\Ahmed\projects\CodeQuiz\CodeQuizDesktop\Converters\NullToBoolConverter.cs", "C#", 0, 0, 0, 0, 0, 0, 0, 0, 20, 0, 0, 0, 4, 5, 29
"c:\Users\Ahmed\projects\CodeQuiz\CodeQuizDesktop\Converters\PercentToDecimalConverter.cs", "C#", 0, 0, 0, 0, 0, 0, 0, 0, 23, 0, 0, 0, 3, 4, 30
"c:\Users\Ahmed\projects\CodeQuiz\CodeQuizDesktop\Exceptions\ApiServiceException.cs", "C#", 0, 0, 0, 0, 0, 0, 0, 0, 73, 0, 0, 0, 16, 12, 101
"c:\Users\Ahmed\projects\CodeQuiz\CodeQuizDesktop\Logging\AppLogger.cs", "C#", 0, 0, 0, 0, 0, 0, 0, 0, 22, 0, 0, 0, 0, 6, 28
"c:\Users\Ahmed\projects\CodeQuiz\CodeQuizDesktop\Logging\IAppLogger.cs", "C#", 0, 0, 0, 0, 0, 0, 0, 0, 9, 0, 0, 0, 0, 3, 12
"c:\Users\Ahmed\projects\CodeQuiz\CodeQuizDesktop\MauiProgram.cs", "C#", 0, 0, 0, 0, 0, 0, 0, 0, 142, 0, 0, 0, 18, 20, 180
"c:\Users\Ahmed\projects\CodeQuiz\CodeQuizDesktop\Models\AiAssessment.cs", "C#", 0, 0, 0, 0, 0, 0, 0, 0, 16, 0, 0, 0, 27, 9, 52
"c:\Users\Ahmed\projects\CodeQuiz\CodeQuizDesktop\Models\ApiResponse.cs", "C#", 0, 0, 0, 0, 0, 0, 0, 0, 14, 0, 0, 0, 0, 2, 16
"c:\Users\Ahmed\projects\CodeQuiz\CodeQuizDesktop\Models\Authentication\ForgetPasswordModel.cs", "C#", 0, 0, 0, 0, 0, 0, 0, 0, 12, 0, 0, 0, 0, 2, 14
"c:\Users\Ahmed\projects\CodeQuiz\CodeQuizDesktop\Models\Authentication\LoginModel.cs", "C#", 0, 0, 0, 0, 0, 0, 0, 0, 13, 0, 0, 0, 0, 2, 15
"c:\Users\Ahmed\projects\CodeQuiz\CodeQuizDesktop\Models\Authentication\LoginResult.cs", "C#", 0, 0, 0, 0, 0, 0, 0, 0, 13, 0, 0, 0, 0, 2, 15
"c:\Users\Ahmed\projects\CodeQuiz\CodeQuizDesktop\Models\Authentication\RegisterModel.cs", "C#", 0, 0, 0, 0, 0, 0, 0, 0, 16, 0, 0, 0, 0, 2, 18
"c:\Users\Ahmed\projects\CodeQuiz\CodeQuizDesktop\Models\Authentication\ResetPasswordModel.cs", "C#", 0, 0, 0, 0, 0, 0, 0, 0, 14, 0, 0, 0, 0, 2, 16
"c:\Users\Ahmed\projects\CodeQuiz\CodeQuizDesktop\Models\Authentication\TokenModel.cs", "C#", 0, 0, 0, 0, 0, 0, 0, 0, 29, 0, 0, 0, 0, 6, 35
"c:\Users\Ahmed\projects\CodeQuiz\CodeQuizDesktop\Models\BaseObservableModel.cs", "C#", 0, 0, 0, 0, 0, 0, 0, 0, 18, 0, 0, 0, 0, 3, 21
"c:\Users\Ahmed\projects\CodeQuiz\CodeQuizDesktop\Models\BatchUpdateSolutionGradesRequest.cs", "C#", 0, 0, 0, 0, 0, 0, 0, 0, 19, 0, 0, 0, 37, 10, 66
"c:\Users\Ahmed\projects\CodeQuiz\CodeQuizDesktop\Models\BeginAttemptRequest.cs", "C#", 0, 0, 0, 0, 0, 0, 0, 0, 12, 0, 0, 0, 0, 2, 14
"c:\Users\Ahmed\projects\CodeQuiz\CodeQuizDesktop\Models\CodeRunnerOptions.cs", "C#", 0, 0, 0, 0, 0, 0, 0, 0, 14, 0, 0, 0, 0, 2, 16
"c:\Users\Ahmed\projects\CodeQuiz\CodeQuizDesktop\Models\CodeRunnerResult.cs", "C#", 0, 0, 0, 0, 0, 0, 0, 0, 14, 0, 0, 0, 0, 2, 16
"c:\Users\Ahmed\projects\CodeQuiz\CodeQuizDesktop\Models\EvaluationResult.cs", "C#", 0, 0, 0, 0, 0, 0, 0, 0, 14, 0, 0, 0, 0, 2, 16
"c:\Users\Ahmed\projects\CodeQuiz\CodeQuizDesktop\Models\EvaluationStatusPayload.cs", "C#", 0, 0, 0, 0, 0, 0, 0, 0, 13, 0, 0, 0, 3, 1, 17
"c:\Users\Ahmed\projects\CodeQuiz\CodeQuizDesktop\Models\ExamineeAttempt.cs", "C#", 0, 0, 0, 0, 0, 0, 0, 0, 83, 0, 0, 0, 13, 8, 104
"c:\Users\Ahmed\projects\CodeQuiz\CodeQuizDesktop\Models\ExamineeQuiz.cs", "C#", 0, 0, 0, 0, 0, 0, 0, 0, 47, 0, 0, 0, 12, 7, 66
"c:\Users\Ahmed\projects\CodeQuiz\CodeQuizDesktop\Models\ExaminerAttempt.cs", "C#", 0, 0, 0, 0, 0, 0, 0, 0, 50, 0, 0, 0, 37, 14, 101
"c:\Users\Ahmed\projects\CodeQuiz\CodeQuizDesktop\Models\ExaminerQuiz.cs", "C#", 0, 0, 0, 0, 0, 0, 0, 0, 81, 0, 0, 0, 3, 6, 90
"c:\Users\Ahmed\projects\CodeQuiz\CodeQuizDesktop\Models\GenerateTestCases.cs", "C#", 0, 0, 0, 0, 0, 0, 0, 0, 18, 0, 0, 0, 33, 9, 60
"c:\Users\Ahmed\projects\CodeQuiz\CodeQuizDesktop\Models\NewQuestionModel.cs", "C#", 0, 0, 0, 0, 0, 0, 0, 0, 35, 0, 0, 0, 0, 2, 37
"c:\Users\Ahmed\projects\CodeQuiz\CodeQuizDesktop\Models\NewQuizModel.cs", "C#", 0, 0, 0, 0, 0, 0, 0, 0, 20, 0, 0, 0, 0, 2, 22
"c:\Users\Ahmed\projects\CodeQuiz\CodeQuizDesktop\Models\Question.cs", "C#", 0, 0, 0, 0, 0, 0, 0, 0, 44, 0, 0, 0, 0, 4, 48
"c:\Users\Ahmed\projects\CodeQuiz\CodeQuizDesktop\Models\QuestionConfiguration.cs", "C#", 0, 0, 0, 0, 0, 0, 0, 0, 17, 0, 0, 0, 0, 2, 19
"c:\Users\Ahmed\projects\CodeQuiz\CodeQuizDesktop\Models\QuizStatistics.cs", "C#", 0, 0, 0, 0, 0, 0, 0, 0, 248, 0, 0, 0, 70, 58, 376
"c:\Users\Ahmed\projects\CodeQuiz\CodeQuizDesktop\Models\RunCodeRequest.cs", "C#", 0, 0, 0, 0, 0, 0, 0, 0, 16, 0, 0, 0, 0, 2, 18
"c:\Users\Ahmed\projects\CodeQuiz\CodeQuizDesktop\Models\Solution.cs", "C#", 0, 0, 0, 0, 0, 0, 0, 0, 15, 0, 0, 0, 7, 3, 25
"c:\Users\Ahmed\projects\CodeQuiz\CodeQuizDesktop\Models\SupportedLanguage.cs", "C#", 0, 0, 0, 0, 0, 0, 0, 0, 9, 0, 0, 0, 0, 1, 10
"c:\Users\Ahmed\projects\CodeQuiz\CodeQuizDesktop\Models\TestCase.cs", "C#", 0, 0, 0, 0, 0, 0, 0, 0, 30, 0, 0, 0, 0, 2, 32
"c:\Users\Ahmed\projects\CodeQuiz\CodeQuizDesktop\Models\UpdateSolutionGradeRequest.cs", "C#", 0, 0, 0, 0, 0, 0, 0, 0, 10, 0, 0, 0, 16, 4, 30
"c:\Users\Ahmed\projects\CodeQuiz\CodeQuizDesktop\Models\User.cs", "C#", 0, 0, 0, 0, 0, 0, 0, 0, 28, 0, 0, 0, 6, 4, 38
"c:\Users\Ahmed\projects\CodeQuiz\CodeQuizDesktop\Platforms\Android\AndroidManifest.xml", "XML", 0, 0, 0, 0, 0, 0, 0, 0, 0, 6, 0, 0, 0, 0, 6
"c:\Users\Ahmed\projects\CodeQuiz\CodeQuizDesktop\Platforms\Android\MainActivity.cs", "C#", 0, 0, 0, 0, 0, 0, 0, 0, 10, 0, 0, 0, 0, 2, 12
"c:\Users\Ahmed\projects\CodeQuiz\CodeQuizDesktop\Platforms\Android\MainApplication.cs", "C#", 0, 0, 0, 0, 0, 0, 0, 0, 14, 0, 0, 0, 0, 3, 17
"c:\Users\Ahmed\projects\CodeQuiz\CodeQuizDesktop\Platforms\Android\Resources\values\colors.xml", "XML", 0, 0, 0, 0, 0, 0, 0, 0, 0, 6, 0, 0, 0, 0, 6
"c:\Users\Ahmed\projects\CodeQuiz\CodeQuizDesktop\Platforms\MacCatalyst\AppDelegate.cs", "C#", 0, 0, 0, 0, 0, 0, 0, 0, 9, 0, 0, 0, 0, 2, 11
"c:\Users\Ahmed\projects\CodeQuiz\CodeQuizDesktop\Platforms\MacCatalyst\Program.cs", "C#", 0, 0, 0, 0, 0, 0, 0, 0, 12, 0, 0, 0, 3, 2, 17
"c:\Users\Ahmed\projects\CodeQuiz\CodeQuizDesktop\Platforms\Tizen\Main.cs", "C#", 0, 0, 0, 0, 0, 0, 0, 0, 15, 0, 0, 0, 0, 3, 18
"c:\Users\Ahmed\projects\CodeQuiz\CodeQuizDesktop\Platforms\Tizen\tizen-manifest.xml", "XML", 0, 0, 0, 0, 0, 0, 0, 0, 0, 15, 0, 0, 0, 0, 15
"c:\Users\Ahmed\projects\CodeQuiz\CodeQuizDesktop\Platforms\Windows\App.xaml", "XAML", 0, 0, 0, 0, 0, 0, 0, 0, 0, 0, 7, 0, 0, 2, 9
"c:\Users\Ahmed\projects\CodeQuiz\CodeQuizDesktop\Platforms\Windows\App.xaml.cs", "C#", 0, 0, 0, 0, 0, 0, 0, 0, 12, 0, 0, 0, 9, 5, 26
"c:\Users\Ahmed\projects\CodeQuiz\CodeQuizDesktop\Platforms\iOS\AppDelegate.cs", "C#", 0, 0, 0, 0, 0, 0, 0, 0, 9, 0, 0, 0, 0, 2, 11
"c:\Users\Ahmed\projects\CodeQuiz\CodeQuizDesktop\Platforms\iOS\Program.cs", "C#", 0, 0, 0, 0, 0, 0, 0, 0, 12, 0, 0, 0, 3, 2, 17
"c:\Users\Ahmed\projects\CodeQuiz\CodeQuizDesktop\Properties\launchSettings.json", "JSON", 0, 0, 8, 0, 0, 0, 0, 0, 0, 0, 0, 0, 0, 0, 8
"c:\Users\Ahmed\projects\CodeQuiz\CodeQuizDesktop\Repositories\AttemptsRepository.cs", "C#", 0, 0, 0, 0, 0, 0, 0, 0, 304, 0, 0, 0, 42, 37, 383
"c:\Users\Ahmed\projects\CodeQuiz\CodeQuizDesktop\Repositories\AuthenticationRepository.cs", "C#", 0, 0, 0, 0, 0, 0, 0, 0, 71, 0, 0, 0, 0, 8, 79
"c:\Users\Ahmed\projects\CodeQuiz\CodeQuizDesktop\Repositories\BaseObservableRepository.cs", "C#", 0, 0, 0, 0, 0, 0, 0, 0, 59, 0, 0, 0, 0, 11, 70
"c:\Users\Ahmed\projects\CodeQuiz\CodeQuizDesktop\Repositories\BaseTwoTypesObservableRepository.cs", "C#", 0, 0, 0, 0, 0, 0, 0, 0, 160, 0, 0, 0, 0, 21, 181
"c:\Users\Ahmed\projects\CodeQuiz\CodeQuizDesktop\Repositories\ExecutionRepository.cs", "C#", 0, 0, 0, 0, 0, 0, 0, 0, 29, 0, 0, 0, 0, 4, 33
"c:\Users\Ahmed\projects\CodeQuiz\CodeQuizDesktop\Repositories\IAttemptsRepository.cs", "C#", 0, 0, 0, 0, 0, 0, 0, 0, 24, 0, 0, 0, 28, 7, 59
"c:\Users\Ahmed\projects\CodeQuiz\CodeQuizDesktop\Repositories\IAuthenticationRepository.cs", "C#", 0, 0, 0, 0, 0, 0, 0, 0, 19, 0, 0, 0, 0, 3, 22
"c:\Users\Ahmed\projects\CodeQuiz\CodeQuizDesktop\Repositories\IExecutionRepository.cs", "C#", 0, 0, 0, 0, 0, 0, 0, 0, 14, 0, 0, 0, 0, 2, 16
"c:\Users\Ahmed\projects\CodeQuiz\CodeQuizDesktop\Repositories\IObservableRepository.cs", "C#", 0, 0, 0, 0, 0, 0, 0, 0, 20, 0, 0, 0, 0, 2, 22
"c:\Users\Ahmed\projects\CodeQuiz\CodeQuizDesktop\Repositories\IQuizzesRepository.cs", "C#", 0, 0, 0, 0, 0, 0, 0, 0, 21, 0, 0, 0, 7, 4, 32
"c:\Users\Ahmed\projects\CodeQuiz\CodeQuizDesktop\Repositories\ITwoTypesObservableRepository.cs", "C#", 0, 0, 0, 0, 0, 0, 0, 0, 20, 0, 0, 0, 0, 2, 22
"c:\Users\Ahmed\projects\CodeQuiz\CodeQuizDesktop\Repositories\IUsersRepository.cs", "C#", 0, 0, 0, 0, 0, 0, 0, 0, 16, 0, 0, 0, 0, 2, 18
"c:\Users\Ahmed\projects\CodeQuiz\CodeQuizDesktop\Repositories\QuizzesRepository.cs", "C#", 0, 0, 0, 0, 0, 0, 0, 0, 235, 0, 0, 0, 21, 27, 283
"c:\Users\Ahmed\projects\CodeQuiz\CodeQuizDesktop\Repositories\UsersRepository.cs", "C#", 0, 0, 0, 0, 0, 0, 0, 0, 51, 0, 0, 0, 0, 6, 57
"c:\Users\Ahmed\projects\CodeQuiz\CodeQuizDesktop\Resources\AppIcon\appicon.svg", "XML", 0, 0, 0, 0, 0, 0, 0, 0, 0, 4, 0, 0, 0, 0, 4
"c:\Users\Ahmed\projects\CodeQuiz\CodeQuizDesktop\Resources\AppIcon\appiconfg.svg", "XML", 0, 0, 0, 0, 0, 0, 0, 0, 0, 8, 0, 0, 0, 0, 8
"c:\Users\Ahmed\projects\CodeQuiz\CodeQuizDesktop\Resources\Config.cs", "C#", 0, 0, 0, 0, 0, 0, 0, 0, 14, 0, 0, 0, 1, 2, 17
"c:\Users\Ahmed\projects\CodeQuiz\CodeQuizDesktop\Resources\Images\arrow_back_ios_new_rounded.svg", "XML", 0, 0, 0, 0, 0, 0, 0, 0, 0, 1, 0, 0, 0, 0, 1
"c:\Users\Ahmed\projects\CodeQuiz\CodeQuizDesktop\Resources\Images\arrow_big_left_filled.svg", "XML", 0, 0, 0, 0, 0, 0, 0, 0, 0, 1, 0, 0, 0, 0, 1
"c:\Users\Ahmed\projects\CodeQuiz\CodeQuizDesktop\Resources\Images\arrow_forward_ios_rounded.svg", "XML", 0, 0, 0, 0, 0, 0, 0, 0, 0, 1, 0, 0, 0, 0, 1
"c:\Users\Ahmed\projects\CodeQuiz\CodeQuizDesktop\Resources\Images\auto_awesome.svg", "XML", 0, 0, 0, 0, 0, 0, 0, 0, 0, 3, 0, 0, 0, 1, 4
"c:\Users\Ahmed\projects\CodeQuiz\CodeQuizDesktop\Resources\Images\bell.svg", "XML", 0, 0, 0, 0, 0, 0, 0, 0, 0, 1, 0, 0, 0, 0, 1
"c:\Users\Ahmed\projects\CodeQuiz\CodeQuizDesktop\Resources\Images\book.svg", "XML", 0, 0, 0, 0, 0, 0, 0, 0, 0, 1, 0, 0, 0, 0, 1
"c:\Users\Ahmed\projects\CodeQuiz\CodeQuizDesktop\Resources\Images\caret_left_filled.svg", "XML", 0, 0, 0, 0, 0, 0, 0, 0, 0, 1, 0, 0, 0, 0, 1
"c:\Users\Ahmed\projects\CodeQuiz\CodeQuizDesktop\Resources\Images\clipboard.svg", "XML", 0, 0, 0, 0, 0, 0, 0, 0, 0, 1, 0, 0, 0, 0, 1
"c:\Users\Ahmed\projects\CodeQuiz\CodeQuizDesktop\Resources\Images\clock.svg", "XML", 0, 0, 0, 0, 0, 0, 0, 0, 0, 1, 0, 0, 0, 0, 1
"c:\Users\Ahmed\projects\CodeQuiz\CodeQuizDesktop\Resources\Images\close.svg", "XML", 0, 0, 0, 0, 0, 0, 0, 0, 0, 1, 0, 0, 0, 0, 1
"c:\Users\Ahmed\projects\CodeQuiz\CodeQuizDesktop\Resources\Images\copy_check.svg", "XML", 0, 0, 0, 0, 0, 0, 0, 0, 0, 1, 0, 0, 0, 0, 1
"c:\Users\Ahmed\projects\CodeQuiz\CodeQuizDesktop\Resources\Images\docker.svg", "XML", 0, 0, 0, 0, 0, 0, 0, 0, 0, 14, 0, 0, 0, 0, 14
"c:\Users\Ahmed\projects\CodeQuiz\CodeQuizDesktop\Resources\Images\download.svg", "XML", 0, 0, 0, 0, 0, 0, 0, 0, 0, 1, 0, 0, 0, 0, 1
"c:\Users\Ahmed\projects\CodeQuiz\CodeQuizDesktop\Resources\Images\edit_circle.svg", "XML", 0, 0, 0, 0, 0, 0, 0, 0, 0, 1, 0, 0, 0, 0, 1
"c:\Users\Ahmed\projects\CodeQuiz\CodeQuizDesktop\Resources\Images\error.svg", "XML", 0, 0, 0, 0, 0, 0, 0, 0, 0, 1, 0, 0, 0, 0, 1
"c:\Users\Ahmed\projects\CodeQuiz\CodeQuizDesktop\Resources\Images\eye.svg", "XML", 0, 0, 0, 0, 0, 0, 0, 0, 0, 1, 0, 0, 0, 0, 1
"c:\Users\Ahmed\projects\CodeQuiz\CodeQuizDesktop\Resources\Images\feedback.svg", "XML", 0, 0, 0, 0, 0, 0, 0, 0, 0, 1, 0, 0, 0, 0, 1
"c:\Users\Ahmed\projects\CodeQuiz\CodeQuizDesktop\Resources\Images\flag.svg", "XML", 0, 0, 0, 0, 0, 0, 0, 0, 0, 1, 0, 0, 0, 0, 1
"c:\Users\Ahmed\projects\CodeQuiz\CodeQuizDesktop\Resources\Images\flask.svg", "XML", 0, 0, 0, 0, 0, 0, 0, 0, 0, 1, 0, 0, 0, 0, 1
"c:\Users\Ahmed\projects\CodeQuiz\CodeQuizDesktop\Resources\Images\groq.svg", "XML", 0, 0, 0, 0, 0, 0, 0, 0, 0, 20, 0, 0, 0, 1, 21
"c:\Users\Ahmed\projects\CodeQuiz\CodeQuizDesktop\Resources\Images\layout_grid.svg", "XML", 0, 0, 0, 0, 0, 0, 0, 0, 0, 1, 0, 0, 0, 0, 1
"c:\Users\Ahmed\projects\CodeQuiz\CodeQuizDesktop\Resources\Images\lightbulb.svg", "XML", 0, 0, 0, 0, 0, 0, 0, 0, 0, 3, 0, 0, 0, 1, 4
"c:\Users\Ahmed\projects\CodeQuiz\CodeQuizDesktop\Resources\Images\lock.svg", "XML", 0, 0, 0, 0, 0, 0, 0, 0, 0, 1, 0, 0, 0, 0, 1
"c:\Users\Ahmed\projects\CodeQuiz\CodeQuizDesktop\Resources\Images\logout.svg", "XML", 0, 0, 0, 0, 0, 0, 0, 0, 0, 1, 0, 0, 0, 0, 1
"c:\Users\Ahmed\projects\CodeQuiz\CodeQuizDesktop\Resources\Images\pencil.svg", "XML", 0, 0, 0, 0, 0, 0, 0, 0, 0, 1, 0, 0, 0, 0, 1
"c:\Users\Ahmed\projects\CodeQuiz\CodeQuizDesktop\Resources\Images\player_play.svg", "XML", 0, 0, 0, 0, 0, 0, 0, 0, 0, 1, 0, 0, 0, 0, 1
"c:\Users\Ahmed\projects\CodeQuiz\CodeQuizDesktop\Resources\Images\question.svg", "XML", 0, 0, 0, 0, 0, 0, 0, 0, 0, 1, 0, 0, 0, 0, 1
"c:\Users\Ahmed\projects\CodeQuiz\CodeQuizDesktop\Resources\Images\quiz.svg", "XML", 0, 0, 0, 0, 0, 0, 0, 0, 0, 1, 0, 0, 0, 0, 1
"c:\Users\Ahmed\projects\CodeQuiz\CodeQuizDesktop\Resources\Images\refresh.svg", "XML", 0, 0, 0, 0, 0, 0, 0, 0, 0, 1, 0, 0, 0, 0, 1
"c:\Users\Ahmed\projects\CodeQuiz\CodeQuizDesktop\Resources\Images\restart.svg", "XML", 0, 0, 0, 0, 0, 0, 0, 0, 0, 1, 0, 0, 0, 0, 1
"c:\Users\Ahmed\projects\CodeQuiz\CodeQuizDesktop\Resources\Images\robot.svg", "XML", 0, 0, 0, 0, 0, 0, 0, 0, 0, 1, 0, 0, 0, 0, 1
"c:\Users\Ahmed\projects\CodeQuiz\CodeQuizDesktop\Resources\Images\save.svg", "XML", 0, 0, 0, 0, 0, 0, 0, 0, 0, 1, 0, 0, 0, 0, 1
"c:\Users\Ahmed\projects\CodeQuiz\CodeQuizDesktop\Resources\Images\share.svg", "XML", 0, 0, 0, 0, 0, 0, 0, 0, 0, 1, 0, 0, 0, 0, 1
"c:\Users\Ahmed\projects\CodeQuiz\CodeQuizDesktop\Resources\Images\shield.svg", "XML", 0, 0, 0, 0, 0, 0, 0, 0, 0, 1, 0, 0, 0, 0, 1
"c:\Users\Ahmed\projects\CodeQuiz\CodeQuizDesktop\Resources\Images\sidepane.svg", "XML", 0, 0, 0, 0, 0, 0, 0, 0, 0, 1, 0, 0, 0, 0, 1
"c:\Users\Ahmed\projects\CodeQuiz\CodeQuizDesktop\Resources\Images\smart_toy.svg", "XML", 0, 0, 0, 0, 0, 0, 0, 0, 0, 3, 0, 0, 0, 1, 4
"c:\Users\Ahmed\projects\CodeQuiz\CodeQuizDesktop\Resources\Images\stats.svg", "XML", 0, 0, 0, 0, 0, 0, 0, 0, 0, 1, 0, 0, 0, 0, 1
"c:\Users\Ahmed\projects\CodeQuiz\CodeQuizDesktop\Resources\Images\success.svg", "XML", 0, 0, 0, 0, 0, 0, 0, 0, 0, 1, 0, 0, 0, 0, 1
"c:\Users\Ahmed\projects\CodeQuiz\CodeQuizDesktop\Resources\Images\target.svg", "XML", 0, 0, 0, 0, 0, 0, 0, 0, 0, 1, 0, 0, 0, 0, 1
"c:\Users\Ahmed\projects\CodeQuiz\CodeQuizDesktop\Resources\Images\teacher.svg", "XML", 0, 0, 0, 0, 0, 0, 0, 0, 0, 1, 0, 0, 0, 0, 1
"c:\Users\Ahmed\projects\CodeQuiz\CodeQuizDesktop\Resources\Images\trash.svg", "XML", 0, 0, 0, 0, 0, 0, 0, 0, 0, 1, 0, 0, 0, 0, 1
"c:\Users\Ahmed\projects\CodeQuiz\CodeQuizDesktop\Resources\Images\warning.svg", "XML", 0, 0, 0, 0, 0, 0, 0, 0, 0, 1, 0, 0, 0, 0, 1
"c:\Users\Ahmed\projects\CodeQuiz\CodeQuizDesktop\Resources\Splash\splash.svg", "XML", 0, 0, 0, 0, 0, 0, 0, 0, 0, 8, 0, 0, 0, 0, 8
"c:\Users\Ahmed\projects\CodeQuiz\CodeQuizDesktop\Resources\Styles\Colors.xaml", "XAML", 0, 0, 0, 0, 0, 0, 0, 0, 0, 0, 59, 0, 12, 14, 85
"c:\Users\Ahmed\projects\CodeQuiz\CodeQuizDesktop\Resources\Styles\Styles.xaml", "XAML", 0, 0, 0, 0, 0, 0, 0, 0, 0, 0, 628, 0, 15, 80, 723
"c:\Users\Ahmed\projects\CodeQuiz\CodeQuizDesktop\Services\AlertService.cs", "C#", 0, 0, 0, 0, 0, 0, 0, 0, 77, 0, 0, 0, 1, 12, 90
"c:\Users\Ahmed\projects\CodeQuiz\CodeQuizDesktop\Services\GlobalExceptionHandler.cs", "C#", 0, 0, 0, 0, 0, 0, 0, 0, 160, 0, 0, 0, 16, 30, 206
"c:\Users\Ahmed\projects\CodeQuiz\CodeQuizDesktop\Services\IAlertService.cs", "C#", 0, 0, 0, 0, 0, 0, 0, 0, 8, 0, 0, 0, 0, 2, 10
"c:\Users\Ahmed\projects\CodeQuiz\CodeQuizDesktop\Services\INavigationService.cs", "C#", 0, 0, 0, 0, 0, 0, 0, 0, 11, 0, 0, 0, 0, 2, 13
"c:\Users\Ahmed\projects\CodeQuiz\CodeQuizDesktop\Services\IQuizDialogService.cs", "C#", 0, 0, 0, 0, 0, 0, 0, 0, 10, 0, 0, 0, 0, 2, 12
"c:\Users\Ahmed\projects\CodeQuiz\CodeQuizDesktop\Services\ITokenService.cs", "C#", 0, 0, 0, 0, 0, 0, 0, 0, 16, 0, 0, 0, 0, 2, 18
"c:\Users\Ahmed\projects\CodeQuiz\CodeQuizDesktop\Services\IUIService.cs", "C#", 0, 0, 0, 0, 0, 0, 0, 0, 26, 0, 0, 0, 62, 12, 100
"c:\Users\Ahmed\projects\CodeQuiz\CodeQuizDesktop\Services\NavigationService.cs", "C#", 0, 0, 0, 0, 0, 0, 0, 0, 25, 0, 0, 0, 0, 5, 30
"c:\Users\Ahmed\projects\CodeQuiz\CodeQuizDesktop\Services\QuizDialogService.cs", "C#", 0, 0, 0, 0, 0, 0, 0, 0, 41, 0, 0, 0, 0, 5, 46
"c:\Users\Ahmed\projects\CodeQuiz\CodeQuizDesktop\Services\TokenService.cs", "C#", 0, 0, 0, 0, 0, 0, 0, 0, 86, 0, 0, 0, 0, 9, 95
"c:\Users\Ahmed\projects\CodeQuiz\CodeQuizDesktop\Services\UIService.cs", "C#", 0, 0, 0, 0, 0, 0, 0, 0, 412, 0, 0, 0, 46, 87, 545
"c:\Users\Ahmed\projects\CodeQuiz\CodeQuizDesktop\Viewmodels\BaseViewModel.cs", "C#", 0, 0, 0, 0, 0, 0, 0, 0, 101, 0, 0, 0, 19, 11, 131
"c:\Users\Ahmed\projects\CodeQuiz\CodeQuizDesktop\Viewmodels\CreateQuizVM.cs", "C#", 0, 0, 0, 0, 0, 0, 0, 0, 482, 0, 0, 0, 10, 53, 545
"c:\Users\Ahmed\projects\CodeQuiz\CodeQuizDesktop\Viewmodels\CreatedQuizzesVM.cs", "C#", 0, 0, 0, 0, 0, 0, 0, 0, 114, 0, 0, 0, 1, 15, 130
"c:\Users\Ahmed\projects\CodeQuiz\CodeQuizDesktop\Viewmodels\DashboardVM.cs", "C#", 0, 0, 0, 0, 0, 0, 0, 0, 291, 0, 0, 0, 20, 43, 354
"c:\Users\Ahmed\projects\CodeQuiz\CodeQuizDesktop\Viewmodels\ExamineeReviewQuizVM.cs", "C#", 0, 0, 0, 0, 0, 0, 0, 0, 226, 0, 0, 0, 35, 37, 298
"c:\Users\Ahmed\projects\CodeQuiz\CodeQuizDesktop\Viewmodels\ExaminerViewQuizVM.cs", "C#", 0, 0, 0, 0, 0, 0, 0, 0, 518, 0, 0, 0, 68, 86, 672
"c:\Users\Ahmed\projects\CodeQuiz\CodeQuizDesktop\Viewmodels\GradeAttemptVM.cs", "C#", 0, 0, 0, 0, 0, 0, 0, 0, 596, 0, 0, 0, 122, 101, 819
"c:\Users\Ahmed\projects\CodeQuiz\CodeQuizDesktop\Viewmodels\JoinQuizVM.cs", "C#", 0, 0, 0, 0, 0, 0, 0, 0, 470, 0, 0, 0, 56, 60, 586
"c:\Users\Ahmed\projects\CodeQuiz\CodeQuizDesktop\Viewmodels\JoinedQuizzesVM.cs", "C#", 0, 0, 0, 0, 0, 0, 0, 0, 91, 0, 0, 0, 0, 12, 103
"c:\Users\Ahmed\projects\CodeQuiz\CodeQuizDesktop\Viewmodels\LoginVM.cs", "C#", 0, 0, 0, 0, 0, 0, 0, 0, 103, 0, 0, 0, 1, 16, 120
"c:\Users\Ahmed\projects\CodeQuiz\CodeQuizDesktop\Viewmodels\ProfileViewModel.cs", "C#", 0, 0, 0, 0, 0, 0, 0, 0, 135, 0, 0, 0, 5, 20, 160
"c:\Users\Ahmed\projects\CodeQuiz\CodeQuizDesktop\Viewmodels\RegisterVM.cs", "C#", 0, 0, 0, 0, 0, 0, 0, 0, 50, 0, 0, 0, 0, 8, 58
"c:\Users\Ahmed\projects\CodeQuiz\CodeQuizDesktop\Viewmodels\StartupViewModel.cs", "C#", 0, 0, 0, 0, 0, 0, 0, 0, 76, 0, 0, 0, 0, 10, 86
"c:\Users\Ahmed\projects\CodeQuiz\CodeQuizDesktop\Views\AddQuestionDialog.xaml", "XAML", 0, 0, 0, 0, 0, 0, 0, 0, 0, 0, 180, 0, 13, 17, 210
"c:\Users\Ahmed\projects\CodeQuiz\CodeQuizDesktop\Views\AddQuestionDialog.xaml.cs", "C#", 0, 0, 0, 0, 0, 0, 0, 0, 358, 0, 0, 0, 35, 38, 431
"c:\Users\Ahmed\projects\CodeQuiz\CodeQuizDesktop\Views\ConfirmationDialog.xaml", "XAML", 0, 0, 0, 0, 0, 0, 0, 0, 0, 0, 88, 0, 4, 9, 101
"c:\Users\Ahmed\projects\CodeQuiz\CodeQuizDesktop\Views\ConfirmationDialog.xaml.cs", "C#", 0, 0, 0, 0, 0, 0, 0, 0, 69, 0, 0, 0, 5, 13, 87
"c:\Users\Ahmed\projects\CodeQuiz\CodeQuizDesktop\Views\CreateQuiz.xaml", "XAML", 0, 0, 0, 0, 0, 0, 0, 0, 0, 0, 232, 0, 15, 13, 260
"c:\Users\Ahmed\projects\CodeQuiz\CodeQuizDesktop\Views\CreateQuiz.xaml.cs", "C#", 0, 0, 0, 0, 0, 0, 0, 0, 10, 0, 0, 0, 0, 2, 12
"c:\Users\Ahmed\projects\CodeQuiz\CodeQuizDesktop\Views\CreatedQuizzes.xaml", "XAML", 0, 0, 0, 0, 0, 0, 0, 0, 0, 0, 125, 0, 17, 14, 156
"c:\Users\Ahmed\projects\CodeQuiz\CodeQuizDesktop\Views\CreatedQuizzes.xaml.cs", "C#", 0, 0, 0, 0, 0, 0, 0, 0, 8, 0, 0, 0, 0, 1, 9
"c:\Users\Ahmed\projects\CodeQuiz\CodeQuizDesktop\Views\Dashboard.xaml", "XAML", 0, 0, 0, 0, 0, 0, 0, 0, 0, 0, 254, 0, 21, 17, 292
"c:\Users\Ahmed\projects\CodeQuiz\CodeQuizDesktop\Views\Dashboard.xaml.cs", "C#", 0, 0, 0, 0, 0, 0, 0, 0, 10, 0, 0, 0, 0, 4, 14
"c:\Users\Ahmed\projects\CodeQuiz\CodeQuizDesktop\Views\ErrorDialog.xaml", "XAML", 0, 0, 0, 0, 0, 0, 0, 0, 0, 0, 80, 0, 4, 9, 93
"c:\Users\Ahmed\projects\CodeQuiz\CodeQuizDesktop\Views\ErrorDialog.xaml.cs", "C#", 0, 0, 0, 0, 0, 0, 0, 0, 48, 0, 0, 0, 1, 12, 61
"c:\Users\Ahmed\projects\CodeQuiz\CodeQuizDesktop\Views\ExamineeReviewQuiz.xaml", "XAML", 0, 0, 0, 0, 0, 0, 0, 0, 0, 0, 252, 0, 17, 17, 286
"c:\Users\Ahmed\projects\CodeQuiz\CodeQuizDesktop\Views\ExamineeReviewQuiz.xaml.cs", "C#", 0, 0, 0, 0, 0, 0, 0, 0, 10, 0, 0, 0, 0, 2, 12
"c:\Users\Ahmed\projects\CodeQuiz\CodeQuizDesktop\Views\ExaminerViewQuiz.xaml", "XAML", 0, 0, 0, 0, 0, 0, 0, 0, 0, 0, 385, 0, 30, 39, 454
"c:\Users\Ahmed\projects\CodeQuiz\CodeQuizDesktop\Views\ExaminerViewQuiz.xaml.cs", "C#", 0, 0, 0, 0, 0, 0, 0, 0, 69, 0, 0, 0, 11, 14, 94
"c:\Users\Ahmed\projects\CodeQuiz\CodeQuizDesktop\Views\GradeAttempt.xaml", "XAML", 0, 0, 0, 0, 0, 0, 0, 0, 0, 0, 358, 0, 20, 17, 395
"c:\Users\Ahmed\projects\CodeQuiz\CodeQuizDesktop\Views\GradeAttempt.xaml.cs", "C#", 0, 0, 0, 0, 0, 0, 0, 0, 10, 0, 0, 0, 0, 3, 13
"c:\Users\Ahmed\projects\CodeQuiz\CodeQuizDesktop\Views\InputDialog.xaml", "XAML", 0, 0, 0, 0, 0, 0, 0, 0, 0, 0, 95, 0, 4, 10, 109
"c:\Users\Ahmed\projects\CodeQuiz\CodeQuizDesktop\Views\InputDialog.xaml.cs", "C#", 0, 0, 0, 0, 0, 0, 0, 0, 104, 0, 0, 0, 3, 21, 128
"c:\Users\Ahmed\projects\CodeQuiz\CodeQuizDesktop\Views\JoinQuiz.xaml", "XAML", 0, 0, 0, 0, 0, 0, 0, 0, 0, 0, 228, 0, 18, 18, 264
"c:\Users\Ahmed\projects\CodeQuiz\CodeQuizDesktop\Views\JoinQuiz.xaml.cs", "C#", 0, 0, 0, 0, 0, 0, 0, 0, 19, 0, 0, 0, 2, 6, 27
"c:\Users\Ahmed\projects\CodeQuiz\CodeQuizDesktop\Views\JoinedQuizzes.xaml", "XAML", 0, 0, 0, 0, 0, 0, 0, 0, 0, 0, 96, 0, 25, 15, 136
"c:\Users\Ahmed\projects\CodeQuiz\CodeQuizDesktop\Views\JoinedQuizzes.xaml.cs", "C#", 0, 0, 0, 0, 0, 0, 0, 0, 8, 0, 0, 0, 0, 1, 9
"c:\Users\Ahmed\projects\CodeQuiz\CodeQuizDesktop\Views\Login.xaml", "XAML", 0, 0, 0, 0, 0, 0, 0, 0, 0, 0, 63, 0, 7, 13, 83
"c:\Users\Ahmed\projects\CodeQuiz\CodeQuizDesktop\Views\Login.xaml.cs", "C#", 0, 0, 0, 0, 0, 0, 0, 0, 10, 0, 0, 0, 0, 3, 13
"c:\Users\Ahmed\projects\CodeQuiz\CodeQuizDesktop\Views\MainPage.xaml", "XAML", 0, 0, 0, 0, 0, 0, 0, 0, 0, 0, 68, 0, 8, 8, 84
"c:\Users\Ahmed\projects\CodeQuiz\CodeQuizDesktop\Views\MainPage.xaml.cs", "C#", 0, 0, 0, 0, 0, 0, 0, 0, 99, 0, 0, 0, 0, 12, 111
"c:\Users\Ahmed\projects\CodeQuiz\CodeQuizDesktop\Views\ProfilePage.xaml", "XAML", 0, 0, 0, 0, 0, 0, 0, 0, 0, 0, 141, 0, 34, 21, 196
"c:\Users\Ahmed\projects\CodeQuiz\CodeQuizDesktop\Views\ProfilePage.xaml.cs", "C#", 0, 0, 0, 0, 0, 0, 0, 0, 10, 0, 0, 0, 0, 3, 13
"c:\Users\Ahmed\projects\CodeQuiz\CodeQuizDesktop\Views\QuizCodeDialog.xaml", "XAML", 0, 0, 0, 0, 0, 0, 0, 0, 0, 0, 141, 0, 9, 12, 162
"c:\Users\Ahmed\projects\CodeQuiz\CodeQuizDesktop\Views\QuizCodeDialog.xaml.cs", "C#", 0, 0, 0, 0, 0, 0, 0, 0, 121, 0, 0, 0, 27, 28, 176
"c:\Users\Ahmed\projects\CodeQuiz\CodeQuizDesktop\Views\Register.xaml", "XAML", 0, 0, 0, 0, 0, 0, 0, 0, 0, 0, 83, 0, 9, 15, 107
"c:\Users\Ahmed\projects\CodeQuiz\CodeQuizDesktop\Views\Register.xaml.cs", "C#", 0, 0, 0, 0, 0, 0, 0, 0, 10, 0, 0, 0, 0, 2, 12
"c:\Users\Ahmed\projects\CodeQuiz\CodeQuizDesktop\Views\Startup.xaml", "XAML", 0, 0, 0, 0, 0, 0, 0, 0, 0, 0, 76, 0, 6, 8, 90
"c:\Users\Ahmed\projects\CodeQuiz\CodeQuizDesktop\Views\Startup.xaml.cs", "C#", 0, 0, 0, 0, 0, 0, 0, 0, 18, 0, 0, 0, 0, 3, 21
"c:\Users\Ahmed\projects\CodeQuiz\CodeQuizDesktop\Views\SuccessDialog.xaml", "XAML", 0, 0, 0, 0, 0, 0, 0, 0, 0, 0, 80, 0, 4, 9, 93
"c:\Users\Ahmed\projects\CodeQuiz\CodeQuizDesktop\Views\SuccessDialog.xaml.cs", "C#", 0, 0, 0, 0, 0, 0, 0, 0, 48, 0, 0, 0, 1, 12, 61
"c:\Users\Ahmed\projects\CodeQuiz\CodeQuizWeb\README.md", "Markdown", 36, 0, 0, 0, 0, 0, 0, 0, 0, 0, 0, 0, 0, 24, 60
"c:\Users\Ahmed\projects\CodeQuiz\CodeQuizWeb\angular.json", "JSON", 0, 0, 78, 0, 0, 0, 0, 0, 0, 0, 0, 0, 0, 1, 79
"c:\Users\Ahmed\projects\CodeQuiz\CodeQuizWeb\package-lock.json", "JSON", 0, 0, 9258, 0, 0, 0, 0, 0, 0, 0, 0, 0, 0, 1, 9259
"c:\Users\Ahmed\projects\CodeQuiz\CodeQuizWeb\package.json", "JSON", 0, 0, 46, 0, 0, 0, 0, 0, 0, 0, 0, 0, 0, 1, 47
"c:\Users\Ahmed\projects\CodeQuiz\CodeQuizWeb\public\assets\icons\arrow_back_ios_new_rounded.svg", "XML", 0, 0, 0, 0, 0, 0, 0, 0, 0, 1, 0, 0, 0, 0, 1
"c:\Users\Ahmed\projects\CodeQuiz\CodeQuizWeb\public\assets\icons\arrow_big_left_filled.svg", "XML", 0, 0, 0, 0, 0, 0, 0, 0, 0, 1, 0, 0, 0, 0, 1
"c:\Users\Ahmed\projects\CodeQuiz\CodeQuizWeb\public\assets\icons\arrow_forward_ios_rounded.svg", "XML", 0, 0, 0, 0, 0, 0, 0, 0, 0, 1, 0, 0, 0, 0, 1
"c:\Users\Ahmed\projects\CodeQuiz\CodeQuizWeb\public\assets\icons\auto_awesome.svg", "XML", 0, 0, 0, 0, 0, 0, 0, 0, 0, 3, 0, 0, 0, 1, 4
"c:\Users\Ahmed\projects\CodeQuiz\CodeQuizWeb\public\assets\icons\bell.svg", "XML", 0, 0, 0, 0, 0, 0, 0, 0, 0, 1, 0, 0, 0, 0, 1
"c:\Users\Ahmed\projects\CodeQuiz\CodeQuizWeb\public\assets\icons\book.svg", "XML", 0, 0, 0, 0, 0, 0, 0, 0, 0, 1, 0, 0, 0, 0, 1
"c:\Users\Ahmed\projects\CodeQuiz\CodeQuizWeb\public\assets\icons\caret_left_filled.svg", "XML", 0, 0, 0, 0, 0, 0, 0, 0, 0, 1, 0, 0, 0, 0, 1
"c:\Users\Ahmed\projects\CodeQuiz\CodeQuizWeb\public\assets\icons\chart.svg", "XML", 0, 0, 0, 0, 0, 0, 0, 0, 0, 1, 0, 0, 0, 0, 1
"c:\Users\Ahmed\projects\CodeQuiz\CodeQuizWeb\public\assets\icons\clipboard.svg", "XML", 0, 0, 0, 0, 0, 0, 0, 0, 0, 1, 0, 0, 0, 0, 1
"c:\Users\Ahmed\projects\CodeQuiz\CodeQuizWeb\public\assets\icons\clock.svg", "XML", 0, 0, 0, 0, 0, 0, 0, 0, 0, 1, 0, 0, 0, 0, 1
"c:\Users\Ahmed\projects\CodeQuiz\CodeQuizWeb\public\assets\icons\close.svg", "XML", 0, 0, 0, 0, 0, 0, 0, 0, 0, 1, 0, 0, 0, 0, 1
"c:\Users\Ahmed\projects\CodeQuiz\CodeQuizWeb\public\assets\icons\code.svg", "XML", 0, 0, 0, 0, 0, 0, 0, 0, 0, 1, 0, 0, 0, 1, 2
"c:\Users\Ahmed\projects\CodeQuiz\CodeQuizWeb\public\assets\icons\copy_check.svg", "XML", 0, 0, 0, 0, 0, 0, 0, 0, 0, 1, 0, 0, 0, 0, 1
"c:\Users\Ahmed\projects\CodeQuiz\CodeQuizWeb\public\assets\icons\database.svg", "XML", 0, 0, 0, 0, 0, 0, 0, 0, 0, 3, 0, 0, 0, 0, 3
"c:\Users\Ahmed\projects\CodeQuiz\CodeQuizWeb\public\assets\icons\docker.svg", "XML", 0, 0, 0, 0, 0, 0, 0, 0, 0, 14, 0, 0, 0, 0, 14
"c:\Users\Ahmed\projects\CodeQuiz\CodeQuizWeb\public\assets\icons\download.svg", "XML", 0, 0, 0, 0, 0, 0, 0, 0, 0, 1, 0, 0, 0, 0, 1
"c:\Users\Ahmed\projects\CodeQuiz\CodeQuizWeb\public\assets\icons\edit_circle.svg", "XML", 0, 0, 0, 0, 0, 0, 0, 0, 0, 1, 0, 0, 0, 0, 1
"c:\Users\Ahmed\projects\CodeQuiz\CodeQuizWeb\public\assets\icons\error.svg", "XML", 0, 0, 0, 0, 0, 0, 0, 0, 0, 1, 0, 0, 0, 0, 1
"c:\Users\Ahmed\projects\CodeQuiz\CodeQuizWeb\public\assets\icons\eye.svg", "XML", 0, 0, 0, 0, 0, 0, 0, 0, 0, 1, 0, 0, 0, 0, 1
"c:\Users\Ahmed\projects\CodeQuiz\CodeQuizWeb\public\assets\icons\feedback.svg", "XML", 0, 0, 0, 0, 0, 0, 0, 0, 0, 1, 0, 0, 0, 0, 1
"c:\Users\Ahmed\projects\CodeQuiz\CodeQuizWeb\public\assets\icons\fire.svg", "XML", 0, 0, 0, 0, 0, 0, 0, 0, 0, 3, 0, 0, 0, 0, 3
"c:\Users\Ahmed\projects\CodeQuiz\CodeQuizWeb\public\assets\icons\flag.svg", "XML", 0, 0, 0, 0, 0, 0, 0, 0, 0, 1, 0, 0, 0, 0, 1
"c:\Users\Ahmed\projects\CodeQuiz\CodeQuizWeb\public\assets\icons\flask.svg", "XML", 0, 0, 0, 0, 0, 0, 0, 0, 0, 1, 0, 0, 0, 0, 1
"c:\Users\Ahmed\projects\CodeQuiz\CodeQuizWeb\public\assets\icons\groq.svg", "XML", 0, 0, 0, 0, 0, 0, 0, 0, 0, 20, 0, 0, 0, 1, 21
"c:\Users\Ahmed\projects\CodeQuiz\CodeQuizWeb\public\assets\icons\layout_grid.svg", "XML", 0, 0, 0, 0, 0, 0, 0, 0, 0, 1, 0, 0, 0, 0, 1
"c:\Users\Ahmed\projects\CodeQuiz\CodeQuizWeb\public\assets\icons\lightbulb.svg", "XML", 0, 0, 0, 0, 0, 0, 0, 0, 0, 3, 0, 0, 0, 1, 4
"c:\Users\Ahmed\projects\CodeQuiz\CodeQuizWeb\public\assets\icons\lightning.svg", "XML", 0, 0, 0, 0, 0, 0, 0, 0, 0, 3, 0, 0, 0, 0, 3
"c:\Users\Ahmed\projects\CodeQuiz\CodeQuizWeb\public\assets\icons\lock.svg", "XML", 0, 0, 0, 0, 0, 0, 0, 0, 0, 1, 0, 0, 0, 0, 1
"c:\Users\Ahmed\projects\CodeQuiz\CodeQuizWeb\public\assets\icons\logout.svg", "XML", 0, 0, 0, 0, 0, 0, 0, 0, 0, 1, 0, 0, 0, 0, 1
"c:\Users\Ahmed\projects\CodeQuiz\CodeQuizWeb\public\assets\icons\mobile.svg", "XML", 0, 0, 0, 0, 0, 0, 0, 0, 0, 3, 0, 0, 0, 0, 3
"c:\Users\Ahmed\projects\CodeQuiz\CodeQuizWeb\public\assets\icons\pencil.svg", "XML", 0, 0, 0, 0, 0, 0, 0, 0, 0, 1, 0, 0, 0, 0, 1
"c:\Users\Ahmed\projects\CodeQuiz\CodeQuizWeb\public\assets\icons\player_play.svg", "XML", 0, 0, 0, 0, 0, 0, 0, 0, 0, 1, 0, 0, 0, 0, 1
"c:\Users\Ahmed\projects\CodeQuiz\CodeQuizWeb\public\assets\icons\question.svg", "XML", 0, 0, 0, 0, 0, 0, 0, 0, 0, 1, 0, 0, 0, 0, 1
"c:\Users\Ahmed\projects\CodeQuiz\CodeQuizWeb\public\assets\icons\quiz.svg", "XML", 0, 0, 0, 0, 0, 0, 0, 0, 0, 1, 0, 0, 0, 0, 1
"c:\Users\Ahmed\projects\CodeQuiz\CodeQuizWeb\public\assets\icons\refresh.svg", "XML", 0, 0, 0, 0, 0, 0, 0, 0, 0, 1, 0, 0, 0, 0, 1
"c:\Users\Ahmed\projects\CodeQuiz\CodeQuizWeb\public\assets\icons\restart.svg", "XML", 0, 0, 0, 0, 0, 0, 0, 0, 0, 1, 0, 0, 0, 0, 1
"c:\Users\Ahmed\projects\CodeQuiz\CodeQuizWeb\public\assets\icons\robot.svg", "XML", 0, 0, 0, 0, 0, 0, 0, 0, 0, 1, 0, 0, 0, 0, 1
"c:\Users\Ahmed\projects\CodeQuiz\CodeQuizWeb\public\assets\icons\save.svg", "XML", 0, 0, 0, 0, 0, 0, 0, 0, 0, 1, 0, 0, 0, 0, 1
"c:\Users\Ahmed\projects\CodeQuiz\CodeQuizWeb\public\assets\icons\share.svg", "XML", 0, 0, 0, 0, 0, 0, 0, 0, 0, 1, 0, 0, 0, 0, 1
"c:\Users\Ahmed\projects\CodeQuiz\CodeQuizWeb\public\assets\icons\shield.svg", "XML", 0, 0, 0, 0, 0, 0, 0, 0, 0, 1, 0, 0, 0, 0, 1
"c:\Users\Ahmed\projects\CodeQuiz\CodeQuizWeb\public\assets\icons\sidepane.svg", "XML", 0, 0, 0, 0, 0, 0, 0, 0, 0, 1, 0, 0, 0, 0, 1
"c:\Users\Ahmed\projects\CodeQuiz\CodeQuizWeb\public\assets\icons\smart_toy.svg", "XML", 0, 0, 0, 0, 0, 0, 0, 0, 0, 3, 0, 0, 0, 1, 4
"c:\Users\Ahmed\projects\CodeQuiz\CodeQuizWeb\public\assets\icons\star.svg", "XML", 0, 0, 0, 0, 0, 0, 0, 0, 0, 3, 0, 0, 0, 1, 4
"c:\Users\Ahmed\projects\CodeQuiz\CodeQuizWeb\public\assets\icons\stats.svg", "XML", 0, 0, 0, 0, 0, 0, 0, 0, 0, 1, 0, 0, 0, 0, 1
"c:\Users\Ahmed\projects\CodeQuiz\CodeQuizWeb\public\assets\icons\success.svg", "XML", 0, 0, 0, 0, 0, 0, 0, 0, 0, 1, 0, 0, 0, 0, 1
"c:\Users\Ahmed\projects\CodeQuiz\CodeQuizWeb\public\assets\icons\target.svg", "XML", 0, 0, 0, 0, 0, 0, 0, 0, 0, 1, 0, 0, 0, 0, 1
"c:\Users\Ahmed\projects\CodeQuiz\CodeQuizWeb\public\assets\icons\teacher.svg", "XML", 0, 0, 0, 0, 0, 0, 0, 0, 0, 1, 0, 0, 0, 0, 1
"c:\Users\Ahmed\projects\CodeQuiz\CodeQuizWeb\public\assets\icons\trash.svg", "XML", 0, 0, 0, 0, 0, 0, 0, 0, 0, 1, 0, 0, 0, 0, 1
"c:\Users\Ahmed\projects\CodeQuiz\CodeQuizWeb\public\assets\icons\warning.svg", "XML", 0, 0, 0, 0, 0, 0, 0, 0, 0, 1, 0, 0, 0, 0, 1
"c:\Users\Ahmed\projects\CodeQuiz\CodeQuizWeb\src\app\app-shell.ts", "TypeScript", 0, 0, 0, 0, 9, 0, 0, 0, 0, 0, 0, 0, 0, 2, 11
"c:\Users\Ahmed\projects\CodeQuiz\CodeQuizWeb\src\app\app.config.ts", "TypeScript", 0, 0, 0, 0, 14, 0, 0, 0, 0, 0, 0, 0, 0, 3, 17
"c:\Users\Ahmed\projects\CodeQuiz\CodeQuizWeb\src\app\app.html", "HTML", 0, 0, 0, 0, 0, 285, 0, 0, 0, 0, 0, 0, 13, 18, 316
"c:\Users\Ahmed\projects\CodeQuiz\CodeQuizWeb\src\app\app.scss", "SCSS", 0, 0, 0, 0, 0, 0, 932, 0, 0, 0, 0, 0, 20, 162, 1114
"c:\Users\Ahmed\projects\CodeQuiz\CodeQuizWeb\src\app\app.spec.ts", "TypeScript", 0, 0, 0, 0, 20, 0, 0, 0, 0, 0, 0, 0, 0, 4, 24
"c:\Users\Ahmed\projects\CodeQuiz\CodeQuizWeb\src\app\app.ts", "TypeScript", 0, 0, 0, 0, 206, 0, 0, 0, 0, 0, 0, 0, 5, 21, 232
"c:\Users\Ahmed\projects\CodeQuiz\CodeQuizWeb\src\app\design-system-demo\design-system-demo.html", "HTML", 0, 0, 0, 0, 0, 1232, 0, 0, 0, 0, 0, 0, 15, 18, 1265
"c:\Users\Ahmed\projects\CodeQuiz\CodeQuizWeb\src\app\design-system-demo\design-system-demo.scss", "SCSS", 0, 0, 0, 0, 0, 0, 288, 0, 0, 0, 0, 0, 4, 45, 337
"c:\Users\Ahmed\projects\CodeQuiz\CodeQuizWeb\src\app\design-system-demo\design-system-demo.ts", "TypeScript", 0, 0, 0, 0, 1012, 0, 0, 0, 0, 0, 0, 0, 24, 36, 1072
"c:\Users\Ahmed\projects\CodeQuiz\CodeQuizWeb\src\app\design-system-demo\dialogs\create-quiz-dialog.ts", "TypeScript", 0, 0, 0, 0, 58, 0, 0, 0, 0, 0, 0, 0, 4, 5, 67
"c:\Users\Ahmed\projects\CodeQuiz\CodeQuizWeb\src\app\design-system-demo\testing-page\testing-page.html", "HTML", 0, 0, 0, 0, 0, 12, 0, 0, 0, 0, 0, 0, 0, 1, 13
"c:\Users\Ahmed\projects\CodeQuiz\CodeQuizWeb\src\app\design-system-demo\testing-page\testing-page.scss", "SCSS", 0, 0, 0, 0, 0, 0, 0, 0, 0, 0, 0, 0, 0, 1, 1
"c:\Users\Ahmed\projects\CodeQuiz\CodeQuizWeb\src\app\design-system-demo\testing-page\testing-page.spec.ts", "TypeScript", 0, 0, 0, 0, 18, 0, 0, 0, 0, 0, 0, 0, 0, 6, 24
"c:\Users\Ahmed\projects\CodeQuiz\CodeQuizWeb\src\app\design-system-demo\testing-page\testing-page.ts", "TypeScript", 0, 0, 0, 0, 22, 0, 0, 0, 0, 0, 0, 0, 61, 9, 92
"c:\Users\Ahmed\projects\CodeQuiz\CodeQuizWeb\src\app\design-system\components\avatar\cq-avatar.ts", "TypeScript", 0, 0, 0, 0, 45, 0, 0, 0, 0, 0, 0, 0, 0, 6, 51
"c:\Users\Ahmed\projects\CodeQuiz\CodeQuizWeb\src\app\design-system\components\badges\cq-badge\cq-badge.ts", "TypeScript", 0, 0, 0, 0, 36, 0, 0, 0, 0, 0, 0, 0, 1, 5, 42
"c:\Users\Ahmed\projects\CodeQuiz\CodeQuizWeb\src\app\design-system\components\buttons\cq-button\cq-button.html", "HTML", 0, 0, 0, 0, 0, 17, 0, 0, 0, 0, 0, 0, 0, 1, 18
"c:\Users\Ahmed\projects\CodeQuiz\CodeQuizWeb\src\app\design-system\components\buttons\cq-button\cq-button.scss", "SCSS", 0, 0, 0, 0, 0, 0, 0, 0, 0, 0, 0, 0, 0, 1, 1
"c:\Users\Ahmed\projects\CodeQuiz\CodeQuizWeb\src\app\design-system\components\buttons\cq-button\cq-button.spec.ts", "TypeScript", 0, 0, 0, 0, 18, 0, 0, 0, 0, 0, 0, 0, 0, 6, 24
"c:\Users\Ahmed\projects\CodeQuiz\CodeQuizWeb\src\app\design-system\components\buttons\cq-button\cq-button.ts", "TypeScript", 0, 0, 0, 0, 37, 0, 0, 0, 0, 0, 0, 0, 0, 6, 43
"c:\Users\Ahmed\projects\CodeQuiz\CodeQuizWeb\src\app\design-system\components\cards\cq-card\cq-card.html", "HTML", 0, 0, 0, 0, 0, 8, 0, 0, 0, 0, 0, 0, 0, 1, 9
"c:\Users\Ahmed\projects\CodeQuiz\CodeQuizWeb\src\app\design-system\components\cards\cq-card\cq-card.scss", "SCSS", 0, 0, 0, 0, 0, 0, 0, 0, 0, 0, 0, 0, 0, 1, 1
"c:\Users\Ahmed\projects\CodeQuiz\CodeQuizWeb\src\app\design-system\components\cards\cq-card\cq-card.spec.ts", "TypeScript", 0, 0, 0, 0, 18, 0, 0, 0, 0, 0, 0, 0, 0, 6, 24
"c:\Users\Ahmed\projects\CodeQuiz\CodeQuizWeb\src\app\design-system\components\cards\cq-card\cq-card.ts", "TypeScript", 0, 0, 0, 0, 19, 0, 0, 0, 0, 0, 0, 0, 0, 4, 23
"c:\Users\Ahmed\projects\CodeQuiz\CodeQuizWeb\src\app\design-system\components\code-block\cq-code-block.ts", "TypeScript", 0, 0, 0, 0, 199, 0, 0, 0, 0, 0, 0, 0, 3, 7, 209
"c:\Users\Ahmed\projects\CodeQuiz\CodeQuizWeb\src\app\design-system\components\dialogs\cq-alert-dialog\cq-alert-dialog.ts", "TypeScript", 0, 0, 0, 0, 98, 0, 0, 0, 0, 0, 0, 0, 0, 10, 108
"c:\Users\Ahmed\projects\CodeQuiz\CodeQuizWeb\src\app\design-system\components\dialogs\cq-dialog\cq-dialog.html", "HTML", 0, 0, 0, 0, 0, 7, 0, 0, 0, 0, 0, 0, 0, 1, 8
"c:\Users\Ahmed\projects\CodeQuiz\CodeQuizWeb\src\app\design-system\components\dialogs\cq-dialog\cq-dialog.scss", "SCSS", 0, 0, 0, 0, 0, 0, 0, 0, 0, 0, 0, 0, 1, 1, 2
"c:\Users\Ahmed\projects\CodeQuiz\CodeQuizWeb\src\app\design-system\components\dialogs\cq-dialog\cq-dialog.ts", "TypeScript", 0, 0, 0, 0, 27, 0, 0, 0, 0, 0, 0, 0, 0, 7, 34
"c:\Users\Ahmed\projects\CodeQuiz\CodeQuizWeb\src\app\design-system\components\dropdown\cq-dropdown.ts", "TypeScript", 0, 0, 0, 0, 73, 0, 0, 0, 0, 0, 0, 0, 0, 9, 82
"c:\Users\Ahmed\projects\CodeQuiz\CodeQuizWeb\src\app\design-system\components\inputs\cq-checkbox\cq-checkbox.ts", "TypeScript", 0, 0, 0, 0, 48, 0, 0, 0, 0, 0, 0, 0, 0, 7, 55
"c:\Users\Ahmed\projects\CodeQuiz\CodeQuizWeb\src\app\design-system\components\inputs\cq-input\cq-input.ts", "TypeScript", 0, 0, 0, 0, 62, 0, 0, 0, 0, 0, 0, 0, 0, 7, 69
"c:\Users\Ahmed\projects\CodeQuiz\CodeQuizWeb\src\app\design-system\components\inputs\cq-select\cq-select.ts", "TypeScript", 0, 0, 0, 0, 66, 0, 0, 0, 0, 0, 0, 0, 0, 8, 74
"c:\Users\Ahmed\projects\CodeQuiz\CodeQuizWeb\src\app\design-system\components\inputs\cq-switch\cq-switch.ts", "TypeScript", 0, 0, 0, 0, 48, 0, 0, 0, 0, 0, 0, 0, 0, 7, 55
"c:\Users\Ahmed\projects\CodeQuiz\CodeQuizWeb\src\app\design-system\components\inputs\cq-textarea\cq-textarea.ts", "TypeScript", 0, 0, 0, 0, 61, 0, 0, 0, 0, 0, 0, 0, 0, 7, 68
"c:\Users\Ahmed\projects\CodeQuiz\CodeQuizWeb\src\app\design-system\components\messages\cq-message\cq-message.ts", "TypeScript", 0, 0, 0, 0, 31, 0, 0, 0, 0, 0, 0, 0, 0, 3, 34
"c:\Users\Ahmed\projects\CodeQuiz\CodeQuizWeb\src\app\design-system\components\progress-bar\cq-progress-bar.ts", "TypeScript", 0, 0, 0, 0, 73, 0, 0, 0, 0, 0, 0, 0, 0, 5, 78
"c:\Users\Ahmed\projects\CodeQuiz\CodeQuizWeb\src\app\design-system\components\tabs\cq-tab-view\cq-tab-view.html", "HTML", 0, 0, 0, 0, 0, 16, 0, 0, 0, 0, 0, 0, 0, 1, 17
"c:\Users\Ahmed\projects\CodeQuiz\CodeQuizWeb\src\app\design-system\components\tabs\cq-tab-view\cq-tab-view.scss", "SCSS", 0, 0, 0, 0, 0, 0, 41, 0, 0, 0, 0, 0, 0, 6, 47
"c:\Users\Ahmed\projects\CodeQuiz\CodeQuizWeb\src\app\design-system\components\tabs\cq-tab-view\cq-tab-view.ts", "TypeScript", 0, 0, 0, 0, 28, 0, 0, 0, 0, 0, 0, 0, 1, 4, 33
"c:\Users\Ahmed\projects\CodeQuiz\CodeQuizWeb\src\app\design-system\components\tabs\cq-tab\cq-tab.ts", "TypeScript", 0, 0, 0, 0, 14, 0, 0, 0, 0, 0, 0, 0, 0, 2, 16
"c:\Users\Ahmed\projects\CodeQuiz\CodeQuizWeb\src\app\design-system\components\toast\cq-toast-container.ts", "TypeScript", 0, 0, 0, 0, 64, 0, 0, 0, 0, 0, 0, 0, 0, 8, 72
"c:\Users\Ahmed\projects\CodeQuiz\CodeQuizWeb\src\app\design-system\directives\cq-tooltip.directive.ts", "TypeScript", 0, 0, 0, 0, 79, 0, 0, 0, 0, 0, 0, 0, 1, 19, 99
"c:\Users\Ahmed\projects\CodeQuiz\CodeQuizWeb\src\app\design-system\index.ts", "TypeScript", 0, 0, 0, 0, 24, 0, 0, 0, 0, 0, 0, 0, 4, 4, 32
"c:\Users\Ahmed\projects\CodeQuiz\CodeQuizWeb\src\app\design-system\pages\cq-page\cq-page.html", "HTML", 0, 0, 0, 0, 0, 21, 0, 0, 0, 0, 0, 0, 0, 2, 23
"c:\Users\Ahmed\projects\CodeQuiz\CodeQuizWeb\src\app\design-system\pages\cq-page\cq-page.scss", "SCSS", 0, 0, 0, 0, 0, 0, 0, 0, 0, 0, 0, 0, 0, 1, 1
"c:\Users\Ahmed\projects\CodeQuiz\CodeQuizWeb\src\app\design-system\pages\cq-page\cq-page.spec.ts", "TypeScript", 0, 0, 0, 0, 18, 0, 0, 0, 0, 0, 0, 0, 0, 6, 24
"c:\Users\Ahmed\projects\CodeQuiz\CodeQuizWeb\src\app\design-system\pages\cq-page\cq-page.ts", "TypeScript", 0, 0, 0, 0, 16, 0, 0, 0, 0, 0, 0, 0, 0, 3, 19
"c:\Users\Ahmed\projects\CodeQuiz\CodeQuizWeb\src\app\design-system\services\cq-dialog-host.ts", "TypeScript", 0, 0, 0, 0, 132, 0, 0, 0, 0, 0, 0, 0, 10, 16, 158
"c:\Users\Ahmed\projects\CodeQuiz\CodeQuizWeb\src\app\design-system\services\cq-dialog-ref.ts", "TypeScript", 0, 0, 0, 0, 12, 0, 0, 0, 0, 0, 0, 0, 6, 4, 22
"c:\Users\Ahmed\projects\CodeQuiz\CodeQuizWeb\src\app\design-system\services\cq-dialog.service.ts", "TypeScript", 0, 0, 0, 0, 109, 0, 0, 0, 0, 0, 0, 0, 35, 16, 160
"c:\Users\Ahmed\projects\CodeQuiz\CodeQuizWeb\src\app\design-system\services\cq-toast.service.ts", "TypeScript", 0, 0, 0, 0, 52, 0, 0, 0, 0, 0, 0, 0, 0, 14, 66
"c:\Users\Ahmed\projects\CodeQuiz\CodeQuizWeb\src\app\reset-password\reset-password.component.html", "HTML", 0, 0, 0, 0, 0, 54, 0, 0, 0, 0, 0, 0, 0, 7, 61
"c:\Users\Ahmed\projects\CodeQuiz\CodeQuizWeb\src\app\reset-password\reset-password.component.scss", "SCSS", 0, 0, 0, 0, 0, 0, 98, 0, 0, 0, 0, 0, 0, 14, 112
"c:\Users\Ahmed\projects\CodeQuiz\CodeQuizWeb\src\app\reset-password\reset-password.component.ts", "TypeScript", 0, 0, 0, 0, 66, 0, 0, 0, 0, 0, 0, 0, 3, 14, 83
"c:\Users\Ahmed\projects\CodeQuiz\CodeQuizWeb\src\index.html", "HTML", 0, 0, 0, 0, 0, 13, 0, 0, 0, 0, 0, 0, 0, 1, 14
"c:\Users\Ahmed\projects\CodeQuiz\CodeQuizWeb\src\main.ts", "TypeScript", 0, 0, 0, 0, 4, 0, 0, 0, 0, 0, 0, 0, 0, 2, 6
"c:\Users\Ahmed\projects\CodeQuiz\CodeQuizWeb\src\styles.scss", "SCSS", 0, 0, 0, 0, 0, 0, 55, 0, 0, 0, 0, 0, 4, 8, 67
"c:\Users\Ahmed\projects\CodeQuiz\CodeQuizWeb\src\styles\design-system\_badges.scss", "SCSS", 0, 0, 0, 0, 0, 0, 92, 0, 0, 0, 0, 0, 12, 18, 122
"c:\Users\Ahmed\projects\CodeQuiz\CodeQuizWeb\src\styles\design-system\_buttons.scss", "SCSS", 0, 0, 0, 0, 0, 0, 287, 0, 0, 0, 0, 0, 30, 60, 377
"c:\Users\Ahmed\projects\CodeQuiz\CodeQuizWeb\src\styles\design-system\_cards.scss", "SCSS", 0, 0, 0, 0, 0, 0, 49, 0, 0, 0, 0, 0, 9, 10, 68
"c:\Users\Ahmed\projects\CodeQuiz\CodeQuizWeb\src\styles\design-system\_dialogs.scss", "SCSS", 0, 0, 0, 0, 0, 0, 215, 0, 0, 0, 0, 0, 24, 44, 283
"c:\Users\Ahmed\projects\CodeQuiz\CodeQuizWeb\src\styles\design-system\_dropdowns.scss", "SCSS", 0, 0, 0, 0, 0, 0, 63, 0, 0, 0, 0, 0, 1, 11, 75
"c:\Users\Ahmed\projects\CodeQuiz\CodeQuizWeb\src\styles\design-system\_index.scss", "SCSS", 0, 0, 0, 0, 0, 0, 13, 0, 0, 0, 0, 0, 4, 3, 20
"c:\Users\Ahmed\projects\CodeQuiz\CodeQuizWeb\src\styles\design-system\_inputs.scss", "SCSS", 0, 0, 0, 0, 0, 0, 202, 0, 0, 0, 0, 0, 16, 37, 255
"c:\Users\Ahmed\projects\CodeQuiz\CodeQuizWeb\src\styles\design-system\_messages.scss", "SCSS", 0, 0, 0, 0, 0, 0, 54, 0, 0, 0, 0, 0, 7, 12, 73
"c:\Users\Ahmed\projects\CodeQuiz\CodeQuizWeb\src\styles\design-system\_page-layout.scss", "SCSS", 0, 0, 0, 0, 0, 0, 237, 0, 0, 0, 0, 0, 16, 54, 307
"c:\Users\Ahmed\projects\CodeQuiz\CodeQuizWeb\src\styles\design-system\_tables.scss", "SCSS", 0, 0, 0, 0, 0, 0, 80, 0, 0, 0, 0, 0, 12, 19, 111
"c:\Users\Ahmed\projects\CodeQuiz\CodeQuizWeb\src\styles\design-system\_toasts.scss", "SCSS", 0, 0, 0, 0, 0, 0, 130, 0, 0, 0, 0, 0, 3, 18, 151
"c:\Users\Ahmed\projects\CodeQuiz\CodeQuizWeb\src\styles\design-system\_typography.scss", "SCSS", 0, 0, 0, 0, 0, 0, 79, 0, 0, 0, 0, 0, 15, 14, 108
"c:\Users\Ahmed\projects\CodeQuiz\CodeQuizWeb\src\styles\design-system\_utilities.scss", "SCSS", 0, 0, 0, 0, 0, 0, 424, 0, 0, 0, 0, 0, 27, 61, 512
"c:\Users\Ahmed\projects\CodeQuiz\CodeQuizWeb\src\styles\design-system\_variables.scss", "SCSS", 0, 0, 0, 0, 0, 0, 155, 0, 0, 0, 0, 0, 37, 34, 226
"c:\Users\Ahmed\projects\CodeQuiz\CodeQuizWeb\tsconfig.app.json", "JSON", 0, 0, 13, 0, 0, 0, 0, 0, 0, 0, 0, 0, 2, 1, 16
"c:\Users\Ahmed\projects\CodeQuiz\CodeQuizWeb\tsconfig.json", "JSON with Comments", 0, 0, 0, 31, 0, 0, 0, 0, 0, 0, 0, 0, 2, 1, 34
"c:\Users\Ahmed\projects\CodeQuiz\CodeQuizWeb\tsconfig.spec.json", "JSON", 0, 0, 13, 0, 0, 0, 0, 0, 0, 0, 0, 0, 2, 1, 16
"c:\Users\Ahmed\projects\CodeQuiz\README.md", "Markdown", 70, 0, 0, 0, 0, 0, 0, 0, 0, 0, 0, 0, 0, 32, 102
"c:\Users\Ahmed\projects\CodeQuiz\docs\class-diagrams.md", "Markdown", 1410, 0, 0, 0, 0, 0, 0, 0, 0, 0, 0, 0, 0, 278, 1688
"c:\Users\Ahmed\projects\CodeQuiz\docs\sequence-diagrams-plantuml.md", "Markdown", 423, 0, 0, 0, 0, 0, 0, 0, 0, 0, 0, 0, 0, 120, 543
"c:\Users\Ahmed\projects\CodeQuiz\docs\sequence-diagrams.md", "Markdown", 365, 0, 0, 0, 0, 0, 0, 0, 0, 0, 0, 0, 0, 69, 434
"c:\Users\Ahmed\projects\CodeQuiz\docs\use-case-diagrams.md", "Markdown", 389, 0, 0, 0, 0, 0, 0, 0, 0, 0, 0, 0, 5, 85, 479
"c:\Users\Ahmed\projects\CodeQuiz\documentation\authentication\README.md", "Markdown", 42, 0, 0, 0, 0, 0, 0, 0, 0, 0, 0, 0, 0, 14, 56
"c:\Users\Ahmed\projects\CodeQuiz\documentation\authentication\architecture.md", "Markdown", 110, 0, 0, 0, 0, 0, 0, 0, 0, 0, 0, 0, 0, 29, 139
"c:\Users\Ahmed\projects\CodeQuiz\documentation\authentication\data-models.md", "Markdown", 241, 0, 0, 0, 0, 0, 0, 0, 0, 0, 0, 0, 0, 53, 294
"c:\Users\Ahmed\projects\CodeQuiz\documentation\authentication\jwt-structure.md", "Markdown", 238, 0, 0, 0, 0, 0, 0, 0, 0, 0, 0, 0, 0, 63, 301
"c:\Users\Ahmed\projects\CodeQuiz\documentation\authentication\login-flow.md", "Markdown", 87, 0, 0, 0, 0, 0, 0, 0, 0, 0, 0, 0, 0, 26, 113
"c:\Users\Ahmed\projects\CodeQuiz\documentation\authentication\startup-flow.md", "Markdown", 130, 0, 0, 0, 0, 0, 0, 0, 0, 0, 0, 0, 0, 35, 165
"c:\Users\Ahmed\projects\CodeQuiz\documentation\authentication\token-refresh-flow.md", "Markdown", 122, 0, 0, 0, 0, 0, 0, 0, 0, 0, 0, 0, 0, 39, 161
"c:\Users\Ahmed\projects\CodeQuiz\documentation\execution\README.md", "Markdown", 51, 0, 0, 0, 0, 0, 0, 0, 0, 0, 0, 0, 0, 19, 70
"c:\Users\Ahmed\projects\CodeQuiz\documentation\execution\architecture.md", "Markdown", 127, 0, 0, 0, 0, 0, 0, 0, 0, 0, 0, 0, 0, 38, 165
"c:\Users\Ahmed\projects\CodeQuiz\documentation\execution\code-execution-flow.md", "Markdown", 158, 0, 0, 0, 0, 0, 0, 0, 0, 0, 0, 0, 0, 39, 197
"c:\Users\Ahmed\projects\CodeQuiz\documentation\execution\data-models.md", "Markdown", 290, 0, 0, 0, 0, 0, 0, 0, 0, 0, 0, 0, 0, 69, 359
"c:\Users\Ahmed\projects\CodeQuiz\documentation\execution\evaluation-flow.md", "Markdown", 211, 0, 0, 0, 0, 0, 0, 0, 0, 0, 0, 0, 0, 61, 272
"c:\Users\Ahmed\projects\CodeQuiz\documentation\execution\sandbox-execution.md", "Markdown", 206, 0, 0, 0, 0, 0, 0, 0, 0, 0, 0, 0, 0, 56, 262
"c:\Users\Ahmed\projects\CodeQuiz\documentation\execution\security.md", "Markdown", 251, 0, 0, 0, 0, 0, 0, 0, 0, 0, 0, 0, 0, 69, 320
"Total", "-", 4957, 30, 9485, 31, 2936, 1665, 3494, 198, 21166, 404, 3913, 9, 2739, 7303, 58330